decimalLatitude,decimalLongitude,locationID_short,locationID
-21.96297968,152.3072604,21-550,21-550_1
-21.96297792,152.3072644,21-550,21-550_2
-21.96297674,152.3072568,21-550,21-550_3
-21.96297641,152.3072649,21-550,21-550_4
-21.96297389,152.3072719,21-550,21-550_5
-21.96296987,152.3072471,21-550,21-550_6
-21.96296794,152.3072757,21-550,21-550_7
-21.96295755,152.3072373,21-550,21-550_8
-21.96295403,152.3072329,21-550,21-550_9
-21.96292897,152.3072169,21-550,21-550_10
-21.96292494,152.3072086,21-550,21-550_11
-21.96291732,152.3072255,21-550,21-550_12
-21.96288337,152.3072124,21-550,21-550_13
-21.9628806,152.3072144,21-550,21-550_14
-21.96286719,152.3072212,21-550,21-550_15
-21.96282637,152.3074762,21-550,21-550_16
-21.96282411,152.3074752,21-550,21-550_17
-21.96282235,152.3074738,21-550,21-550_18
-21.9628195,152.307478,21-550,21-550_19
-21.96281732,152.3074827,21-550,21-550_20
-21.96281682,152.3074778,21-550,21-550_21
-21.96281531,152.3074759,21-550,21-550_22
-21.9628112,152.3074771,21-550,21-550_23
-21.95621942,152.2967232,21-550,21-550_24
-21.95617022,152.2967376,21-550,21-550_25
-21.95601197,152.2968814,21-550,21-550_26
-21.9558999,152.2968738,21-550,21-550_27
-21.95582304,152.2968107,21-550,21-550_28
-21.95580762,152.2967776,21-550,21-550_29
-21.95577669,152.296778,21-550,21-550_30
-21.95560763,152.2969331,21-550,21-550_31
-21.95540839,152.2969889,21-550,21-550_32
-21.95539883,152.2969731,21-550,21-550_33
-21.9546624,152.2972206,21-550,21-550_34
-21.95452242,152.2971737,21-550,21-550_35
-23.472103,151.977764,CBHE,CBHE_1
-23.472098,151.977937,CBHE,CBHE_2
-23.4720925,151.978211,CBHE,CBHE_3
-23.4720845,151.977962,CBHE,CBHE_4
-23.4720295,151.9775415,CBHE,CBHE_5
-23.4719785,151.9776975,CBHE,CBHE_6
-23.4719215,151.9778785,CBHE,CBHE_7
-23.471902,151.977954,CBHE,CBHE_8
-23.47086716,151.9512024,CBHE,CBHE_9
-23.4708662,151.9513931,CBHE,CBHE_10
-23.47084618,151.9509202,CBHE,CBHE_11
-23.4708128,151.9507523,CBHE,CBHE_12
-23.47050095,151.9511948,CBHE,CBHE_13
-23.4704876,151.9510498,CBHE,CBHE_14
-23.47042275,151.9508896,CBHE,CBHE_15
-23.4563285,151.9257705,CBHE,CBHE_16
-23.4561805,151.925674,CBHE,CBHE_17
-23.4561095,151.925544,CBHE,CBHE_18
-23.456009,151.925543,CBHE,CBHE_19
-23.44033973,151.9801186,CBHE,CBHE_20
-23.44033797,151.9801228,CBHE,CBHE_21
-23.44028508,151.9801782,CBHE,CBHE_22
-23.44025264,151.9804592,CBHE,CBHE_23
-23.44025072,151.9804624,CBHE,CBHE_24
-23.44024049,151.9805168,CBHE,CBHE_25
-23.4402363,151.9805277,CBHE,CBHE_26
-23.44023538,151.9804982,CBHE,CBHE_27
-23.44023286,151.9805083,CBHE,CBHE_28
-23.4402156,151.9805621,CBHE,CBHE_29
-23.44016489,151.9804647,CBHE,CBHE_30
-23.44016053,151.9802457,CBHE,CBHE_31
-23.4401265,151.9802402,CBHE,CBHE_32
-23.44011527,151.9805075,CBHE,CBHE_33
-23.44011392,151.9802236,CBHE,CBHE_34
-23.44007193,151.9803006,CBHE,CBHE_35
-23.44005592,151.9802674,CBHE,CBHE_36
-23.44004955,151.9802609,CBHE,CBHE_37
-23.43984369,151.9830175,CBHE,CBHE_38
-23.43983229,151.9829794,CBHE,CBHE_39
-23.43977496,151.9797213,CBHE,CBHE_40
-23.43975786,151.979636,CBHE,CBHE_41
-23.43975744,151.9827861,CBHE,CBHE_42
-23.43975342,151.979739,CBHE,CBHE_43
-23.43974604,151.9829475,CBHE,CBHE_44
-23.43974303,151.9797493,CBHE,CBHE_45
-23.43974219,151.9800225,CBHE,CBHE_46
-23.43973992,151.9829582,CBHE,CBHE_47
-23.43969902,151.9797729,CBHE,CBHE_48
-23.43969793,151.9829468,CBHE,CBHE_49
-23.43968485,151.9797746,CBHE,CBHE_50
-23.43968452,151.9795906,CBHE,CBHE_51
-23.43967086,151.9797437,CBHE,CBHE_52
-23.43966725,151.9795826,CBHE,CBHE_53
-23.43966071,151.9797433,CBHE,CBHE_54
-23.43965795,151.9797847,CBHE,CBHE_55
-23.43963532,151.9797716,CBHE,CBHE_56
-23.43961998,151.9797301,CBHE,CBHE_57
-23.43960883,151.9798389,CBHE,CBHE_58
-23.43953029,151.9828023,CBHE,CBHE_59
-23.43952711,151.9827924,CBHE,CBHE_60
-23.43952434,151.9828049,CBHE,CBHE_61
-23.4395168,151.9827985,CBHE,CBHE_62
-23.43950188,151.9816625,CBHE,CBHE_63
-23.43949375,151.9827862,CBHE,CBHE_64
-23.43946181,151.9828142,CBHE,CBHE_65
-23.43941965,151.9818036,CBHE,CBHE_66
-23.43939216,151.9819606,CBHE,CBHE_67
-23.43929082,151.9817874,CBHE,CBHE_68
-23.43927607,151.9816192,CBHE,CBHE_69
-23.43925687,151.9821311,CBHE,CBHE_70
-23.43924254,151.9822725,CBHE,CBHE_71
-23.43914372,151.9818917,CBHE,CBHE_72
-23.43908429,151.9822389,CBHE,CBHE_73
-23.43907163,151.9822522,CBHE,CBHE_74
-23.43905579,151.982217,CBHE,CBHE_75
-23.4390055,151.9820785,CBHE,CBHE_76
-23.43897323,151.9820732,CBHE,CBHE_77
-23.43889008,151.9818672,CBHE,CBHE_78
-23.43888187,151.9819631,CBHE,CBHE_79
-23.434092,151.9200315,CBHE,CBHE_80
-23.434075,151.920269,CBHE,CBHE_81
-23.4340395,151.920592,CBHE,CBHE_82
-23.4340385,151.920667,CBHE,CBHE_83
-23.4340225,151.9208295,CBHE,CBHE_84
-23.434007,151.920339,CBHE,CBHE_85
-23.433991,151.9210255,CBHE,CBHE_86
-23.43398,151.920474,CBHE,CBHE_87
-23.433933,151.9212005,CBHE,CBHE_88
-23.4284645,151.9522105,CBHE,CBHE_89
-23.428454,151.9524855,CBHE,CBHE_90
-23.4284495,151.952358,CBHE,CBHE_91
-23.428403,151.952614,CBHE,CBHE_92
-23.4281955,151.95204,CBHE,CBHE_93
-23.428095,151.952179,CBHE,CBHE_94
-23.4280535,151.952309,CBHE,CBHE_95
-23.4280415,151.9524235,CBHE,CBHE_96
-23.428042,151.952424,CBHE_BA1D_P1,CBHE_BA1D_P1_1
-23.428403,151.952614,CBHE_BA1S_P1,CBHE_BA1S_P1_1
-23.428454,151.952486,CBHE_BA1S_P2,CBHE_BA1S_P2_1
-23.43404,151.920592,CBHE_BA2D_P1,CBHE_BA2D_P1_1
-23.43398,151.920474,CBHE_BA2D_P2,CBHE_BA2D_P2_1
-23.434092,151.920032,CBHE_BA2D_P4,CBHE_BA2D_P4_1
-23.433933,151.921201,CBHE_BA2S_P1,CBHE_BA2S_P1_1
-23.434023,151.92083,CBHE_BA2S_P3,CBHE_BA2S_P3_1
-23.434039,151.920667,CBHE_BA2S_P4,CBHE_BA2S_P4_1
-23.456176,151.925688,CBHE_FL1S,CBHE_FL1S_1
-23.456009,151.925543,CBHE_FL1S_P1,CBHE_FL1S_P1_1
-23.45611,151.925544,CBHE_FL1S_P2,CBHE_FL1S_P2_1
-23.456329,151.925771,CBHE_FL1S_P4,CBHE_FL1S_P4_1
-23.471979,151.977698,CBHE_FR1S_P2,CBHE_FR1S_P2_1
-23.470813,151.950752,CBHE_FR2D_P1,CBHE_FR2D_P1_1
-23.470846,151.95092,CBHE_FR2D_P2,CBHE_FR2D_P2_1
-23.470867,151.951202,CBHE_FR2D_P3,CBHE_FR2D_P3_1
-23.470385,151.950706,CBHE_FR2S_P1,CBHE_FR2S_P1_1
-23.917564,152.392285,CBLM,CBLM_1
-23.9101558,152.3860247,CBLM,CBLM_2
-23.90987844,152.3857418,CBLM,CBLM_3
-23.90985128,152.3857347,CBLM,CBLM_4
-23.90977342,152.3860339,CBLM,CBLM_5
-23.9095891,152.3859064,CBLM,CBLM_6
-23.90954635,152.3860341,CBLM,CBLM_7
-23.90953512,152.3858995,CBLM,CBLM_8
-23.90953411,152.3859078,CBLM,CBLM_9
-23.90942582,152.3862434,CBLM,CBLM_10
-23.90933219,152.3862881,CBLM,CBLM_11
-23.90931292,152.3862838,CBLM,CBLM_12
-23.90915475,152.3863735,CBLM,CBLM_13
-23.90908836,152.386376,CBLM,CBLM_14
-23.90892844,152.3864628,CBLM,CBLM_15
-23.90881679,152.386503,CBLM,CBLM_16
-23.90872367,152.386629,CBLM,CBLM_17
-23.90860758,152.386056,CBLM,CBLM_18
-23.90860246,152.3867034,CBLM,CBLM_19
-23.90854991,152.3866916,CBLM,CBLM_20
-23.90854949,152.3861689,CBLM,CBLM_21
-23.90853968,152.3866672,CBLM,CBLM_22
-23.90852552,152.3866161,CBLM,CBLM_23
-23.90848931,152.3865544,CBLM,CBLM_24
-23.90845218,152.386493,CBLM,CBLM_25
-23.90839644,152.3863147,CBLM,CBLM_26
-23.90838822,152.3863165,CBLM,CBLM_27
-23.90836962,152.3865145,CBLM,CBLM_28
-23.90836618,152.3865228,CBLM,CBLM_29
-23.90835813,152.3865083,CBLM,CBLM_30
-23.90832678,152.3865125,CBLM,CBLM_31
-23.90832494,152.3864977,CBLM,CBLM_32
-23.9083231,152.3863455,CBLM,CBLM_33
-23.9083101,152.3865646,CBLM,CBLM_34
-23.90830969,152.3865203,CBLM,CBLM_35
-23.9080216,152.3867485,CBLM,CBLM_36
-23.90789662,152.3867519,CBLM,CBLM_37
-23.90773108,152.3866667,CBLM,CBLM_38
-23.90772924,152.3867169,CBLM,CBLM_39
-23.90769848,152.3866834,CBLM,CBLM_40
-23.90768666,152.3866475,CBLM,CBLM_41
-23.90767048,152.3866346,CBLM,CBLM_42
-23.90766101,152.3866995,CBLM,CBLM_43
-23.90765657,152.3866973,CBLM,CBLM_44
-23.90760938,152.3866694,CBLM,CBLM_45
-23.9075072,152.3865234,CBLM,CBLM_46
-23.90743973,152.3867061,CBLM,CBLM_47
-23.90743109,152.386691,CBLM,CBLM_48
-23.90742783,152.3866732,CBLM,CBLM_49
-23.90741182,152.3866715,CBLM,CBLM_50
-23.90741014,152.3865734,CBLM,CBLM_51
-23.90737393,152.3865905,CBLM,CBLM_52
-23.90721786,152.3869001,CBLM,CBLM_53
-23.90720923,152.38690450000001,CBLM,CBLM_54
-23.90720135,152.3869153,CBLM,CBLM_55
-23.90718978,152.3869184,CBLM,CBLM_56
-23.90718517,152.386885,CBLM,CBLM_57
-23.907185,152.3869209,CBLM,CBLM_58
-23.90718332,152.3868906,CBLM,CBLM_59
-23.90718265,152.3868982,CBLM,CBLM_60
-23.90717134,152.3868998,CBLM,CBLM_61
-23.90711007,152.3869808,CBLM,CBLM_62
-23.90710185,152.3869429,CBLM,CBLM_63
-23.90709305,152.3869322,CBLM,CBLM_64
-23.9004655,152.393308,CBLM,CBLM_65
-23.9003675,152.3934045,CBLM,CBLM_66
-23.900253,152.393555,CBLM,CBLM_67
-23.900174,152.3936205,CBLM,CBLM_68
-23.8963465,152.414007,CBLM,CBLM_69
-23.896318,152.4138515,CBLM,CBLM_70
-23.8962565,152.413664,CBLM,CBLM_71
-23.8960755,152.414039,CBLM,CBLM_72
-23.8945,152.403644,CBLM,CBLM_73
-23.8944175,152.403762,CBLM,CBLM_74
-23.8943045,152.4043745,CBLM,CBLM_75
-23.8853215,152.413674,CBLM,CBLM_76
-23.8852145,152.413594,CBLM,CBLM_77
-23.88506,152.4135875,CBLM,CBLM_78
-23.884943,152.4136075,CBLM,CBLM_79
-23.88372414,152.4158023,CBLM,CBLM_80
-23.88356882,152.41571,CBLM,CBLM_81
-23.88355432,152.4162366,CBLM,CBLM_82
-23.88349799,152.4164156,CBLM,CBLM_83
-23.8834099,152.4165353,CBLM,CBLM_84
-23.88336388,152.4167807,CBLM,CBLM_85
-23.917562,152.392049,CBLM_FL2S_P1,CBLM_FL2S_P1_1
-23.917494,152.392486,CBLM_FL2S_P3,CBLM_FL2S_P3_1
-23.916998,152.392632,CBLM_FL2S_P4,CBLM_FL2S_P4_1
-23.896076,152.414039,CBLM_LA1S,CBLM_LA1S_1
-21.47414323,152.56197,ECAY,ECAY_1
-21.47393762,152.5611744,ECAY,ECAY_2
-21.47311921,152.5610228,ECAY,ECAY_3
-21.47309214,152.5610289,ECAY,ECAY_4
-21.47307848,152.5609108,ECAY,ECAY_5
-21.47306297,152.5609181,ECAY,ECAY_6
-21.47304855,152.5609273,ECAY,ECAY_7
-21.47282342,152.5609202,ECAY,ECAY_8
-21.4713337,152.5650215,ECAY,ECAY_9
-21.47067765,152.5653065,ECAY,ECAY_10
-21.47048956,152.5616477,ECAY,ECAY_11
-21.47047782,152.5653211,ECAY,ECAY_12
-21.47045393,152.5653714,ECAY,ECAY_13
-21.47034539,152.5614061,ECAY,ECAY_14
-21.47028998,152.5652801,ECAY,ECAY_15
-21.47025185,152.5616974,ECAY,ECAY_16
-21.4701397,152.5614906,ECAY,ECAY_17
-21.470135,152.5653938,ECAY,ECAY_18
-21.47011573,152.5653786,ECAY,ECAY_19
-21.47008899,152.5651574,ECAY,ECAY_20
-21.47008237,152.5652048,ECAY,ECAY_21
-21.47001984,152.5649245,ECAY,ECAY_22
-21.4699677,152.5649253,ECAY,ECAY_23
-21.46981163,152.5618594,ECAY,ECAY_24
-21.46969671,152.5626694,ECAY,ECAY_25
-21.46962371,152.5622835,ECAY,ECAY_26
-21.46945029,152.5641416,ECAY,ECAY_27
-21.46940771,152.5635042,ECAY,ECAY_28
-21.46934174,152.5639749,ECAY,ECAY_29
-21.46932581,152.5643821,ECAY,ECAY_30
-21.46919229,152.564365,ECAY,ECAY_31
-16.94328032,145.9913964,FITI,FITI_1
-16.94326599,145.9914029,FITI,FITI_2
-16.94324613,145.9914126,FITI,FITI_3
-16.94321788,145.9914582,FITI,FITI_4
-16.94319927,145.9914014,FITI,FITI_5
-16.94319701,145.9916391,FITI,FITI_6
-16.94313766,145.9920085,FITI,FITI_7
-16.940902,145.994427,FITI,FITI_8
-16.940808,145.99445,FITI,FITI_9
-16.940768,145.994759,FITI,FITI_10
-16.94073239,145.9945433,FITI,FITI_11
-16.94067632,145.9946248,FITI,FITI_12
-16.940656,145.994752,FITI,FITI_13
-16.940642,145.994744,FITI,FITI_14
-16.94063701,145.9948087,FITI,FITI_15
-16.940632,145.99472600000001,FITI,FITI_16
-16.94063,145.994743,FITI,FITI_17
-16.94059,145.994485,FITI,FITI_18
-16.94058697,145.9947788,FITI,FITI_19
-16.940583,145.994583,FITI,FITI_20
-16.940557,145.994638,FITI,FITI_21
-16.9405459,145.9945824,FITI,FITI_22
-16.94054145,145.9947606,FITI,FITI_23
-16.9405205,145.994654,FITI,FITI_24
-16.94030257,145.9835293,FITI,FITI_25
-16.94022311,145.9835563,FITI,FITI_26
-16.94017399,145.983566,FITI,FITI_27
-16.94012026,145.9835784,FITI,FITI_28
-16.94010752,145.9834869,FITI,FITI_29
-16.94009847,145.9835497,FITI,FITI_30
-16.94008674,145.9834756,FITI,FITI_31
-16.94005396,145.9835411,FITI,FITI_32
-16.94005019,145.9833428,FITI,FITI_33
-16.94002102,145.9835146,FITI,FITI_34
-16.93997467,145.9834566,FITI,FITI_35
-16.93994508,145.9834088,FITI,FITI_36
-16.93994475,145.9833414,FITI,FITI_37
-16.93993636,145.9833295,FITI,FITI_38
-16.93992471,145.9832877,FITI,FITI_39
-16.9398916,145.9833976,FITI,FITI_40
-16.93987157,145.9832607,FITI,FITI_41
-16.93985439,145.9832555,FITI,FITI_42
-16.93984215,145.9832033,FITI,FITI_43
-16.93984006,145.9833216,FITI,FITI_44
-16.93979454,145.9832694,FITI,FITI_45
-16.93977174,145.9831621,FITI,FITI_46
-16.93975758,145.9831522,FITI,FITI_47
-16.93974249,145.9831086,FITI,FITI_48
-16.9397383,145.9832622,FITI,FITI_49
-16.93970125,145.983102,FITI,FITI_50
-16.93969723,145.9831096,FITI,FITI_51
-16.939686,145.9830941,FITI,FITI_52
-16.9396782,145.9832168,FITI,FITI_53
-16.93967678,145.9832096,FITI,FITI_54
-16.93960679,145.9831661,FITI,FITI_55
-16.93960134,145.9830761,FITI,FITI_56
-16.93959748,145.9830596,FITI,FITI_57
-16.93954828,145.9831502,FITI,FITI_58
-16.93952,145.983204,FITI,FITI_59
-16.93949279,145.9830416,FITI,FITI_60
-16.939483,145.983211,FITI,FITI_61
-16.939475,145.983145,FITI,FITI_62
-16.93947326,145.9830044,FITI,FITI_63
-16.939471,145.983233,FITI,FITI_64
-16.93946371,145.9829801,FITI,FITI_65
-16.93946329,145.9829874,FITI,FITI_66
-16.93946128,145.9831852,FITI,FITI_67
-16.93945834,145.982919,FITI,FITI_68
-16.939455,145.983239,FITI,FITI_69
-16.939449,145.983199,FITI,FITI_70
-16.93944736,145.9829049,FITI,FITI_71
-16.939429,145.983267,FITI,FITI_72
-16.93942079,145.9830759,FITI,FITI_73
-16.93941032,145.9831409,FITI,FITI_74
-16.93941,145.983185,FITI,FITI_75
-16.93940738,145.9831092,FITI,FITI_76
-16.93938492,145.9830153,FITI,FITI_77
-16.93937,145.983326,FITI,FITI_78
-16.93936765,145.9830489,FITI,FITI_79
-16.939362,145.983304,FITI,FITI_80
-16.939347,145.983298,FITI,FITI_81
-16.9393467,145.9829122,FITI,FITI_82
-16.93933966,145.9830203,FITI,FITI_83
-16.939337,145.98332,FITI,FITI_84
-16.93933505,145.9829629,FITI,FITI_85
-16.93933412,145.9829962,FITI,FITI_86
-16.939323,145.983237,FITI,FITI_87
-16.939306,145.983211,FITI,FITI_88
-16.93929045,145.9829412,FITI,FITI_89
-16.939279,145.983202,FITI,FITI_90
-16.939275,145.98328,FITI,FITI_91
-16.939263,145.983219,FITI,FITI_92
-16.939258,145.98321,FITI,FITI_93
-16.939251,145.983187,FITI,FITI_94
-16.93924,145.983299,FITI,FITI_95
-16.939238,145.983213,FITI,FITI_96
-16.939234,145.983341,FITI,FITI_97
-16.939233,145.98334,FITI,FITI_98
-16.939203,145.983349,FITI,FITI_99
-16.939198,145.983105,FITI,FITI_100
-16.939196,145.98334,FITI,FITI_101
-16.93916,145.983095,FITI,FITI_102
-16.939144,145.983059,FITI,FITI_103
-16.939136,145.983175,FITI,FITI_104
-16.939136,145.983263,FITI,FITI_105
-16.939122,145.983147,FITI,FITI_106
-16.939122,145.983319,FITI,FITI_107
-16.939105,145.983155,FITI,FITI_108
-16.939078,145.983124,FITI,FITI_109
-16.939077,145.983153,FITI,FITI_110
-16.939057,145.983162,FITI,FITI_111
-16.939042,145.982894,FITI,FITI_112
-16.939039,145.983021,FITI,FITI_113
-16.938937,145.983081,FITI,FITI_114
-16.938927,145.983093,FITI,FITI_115
-16.938924,145.983063,FITI,FITI_116
-16.938909,145.982934,FITI,FITI_117
-16.938875,145.982923,FITI,FITI_118
-16.938873,145.982921,FITI,FITI_119
-16.938865,145.982925,FITI,FITI_120
-16.938845,145.982958,FITI,FITI_121
-16.938811,145.982867,FITI,FITI_122
-16.938804,145.982816,FITI,FITI_123
-16.938642,145.982775,FITI,FITI_124
-16.938401,145.982666,FITI,FITI_125
-23.61339368,152.1546109,FITR,FITR_1
-23.61338505,152.1546684,FITR,FITR_2
-23.613377,152.1546883,FITR,FITR_3
-23.61335688,152.1544077,FITR,FITR_4
-23.61333995,152.1546884,FITR,FITR_5
-23.61333735,152.1547489,FITR,FITR_6
-23.61333442,152.1546905,FITR,FITR_7
-23.61333325,152.1543921,FITR,FITR_8
-23.61330198,152.1548048,FITR,FITR_9
-23.61324825,152.1548894,FITR,FITR_10
-23.61323677,152.1548745,FITR,FITR_11
-23.61323434,152.1548535,FITR,FITR_12
-23.6132102,152.1549204,FITR,FITR_13
-23.61320064,152.1471301,FITR,FITR_14
-23.6131967,152.1543092,FITR,FITR_15
-23.6131807,152.1471603,FITR,FITR_16
-23.61315354,152.1549629,FITR,FITR_17
-23.61314868,152.1549424,FITR,FITR_18
-23.61311716,152.1543358,FITR,FITR_19
-23.61311691,152.1474468,FITR,FITR_20
-23.61311037,152.155027,FITR,FITR_21
-23.61308808,152.1474849,FITR,FITR_22
-23.61304265,152.1543612,FITR,FITR_23
-23.61297802,152.1544509,FITR,FITR_24
-23.61294986,152.1475393,FITR,FITR_25
-23.61294835,152.1551952,FITR,FITR_26
-23.61292337,152.1544842,FITR,FITR_27
-23.61289487,152.1551909,FITR,FITR_28
-23.61289144,152.155196,FITR,FITR_29
-23.61286864,152.1551611,FITR,FITR_30
-23.61285313,152.155153,FITR,FITR_31
-23.61283083,152.1475072,FITR,FITR_32
-23.61279773,152.1476459,FITR,FITR_33
-23.61279085,152.1551679,FITR,FITR_34
-23.61276244,152.1551767,FITR,FITR_35
-23.61273981,152.1551789,FITR,FITR_36
-23.61273696,152.1551793,FITR,FITR_37
-23.61271592,152.1478878,FITR,FITR_38
-23.61271424,152.147891,FITR,FITR_39
-23.61269848,152.1551499,FITR,FITR_40
-23.61268482,152.1476954,FITR,FITR_41
-23.61268122,152.1479282,FITR,FITR_42
-23.61267929,152.1480325,FITR,FITR_43
-23.61263922,152.1480894,FITR,FITR_44
-23.61261995,152.1481099,FITR,FITR_45
-23.6125663,152.1481586,FITR,FITR_46
-23.61244711,152.1482531,FITR,FITR_47
-23.61241744,152.1483251,FITR,FITR_48
-23.61237461,152.1483562,FITR,FITR_49
-23.61233228,152.1483573,FITR,FITR_50
-23.61230537,152.1483886,FITR,FITR_51
-23.61223681,152.1483894,FITR,FITR_52
-23.61219741,152.1483736,FITR,FITR_53
-23.61212407,152.148339,FITR,FITR_54
-23.61204537,152.1483796,FITR,FITR_55
-23.61202022,152.1484059,FITR,FITR_56
-23.61199122,152.1484624,FITR,FITR_57
-23.61193506,152.1484239,FITR,FITR_58
-23.61183649,152.1483399,FITR,FITR_59
-23.61178771,152.1482628,FITR,FITR_60
-23.61177354,152.148235,FITR,FITR_61
-14.47547595,145.5018357,HICK,HICK_1
-14.47540445,145.5019662,HICK,HICK_2
-14.47539045,145.5019646,HICK,HICK_3
-14.47536732,145.5020581,HICK,HICK_4
-14.4753586,145.5020487,HICK,HICK_5
-14.47535324,145.5020175,HICK,HICK_6
-14.47535056,145.5021311,HICK,HICK_7
-14.47534922,145.5021107,HICK,HICK_8
-14.47529716,145.5021579,HICK,HICK_9
-14.47525886,145.5022124,HICK,HICK_10
-14.475238,145.502408,HICK,HICK_11
-14.475204,145.502346,HICK,HICK_12
-14.47519,145.50252,HICK,HICK_13
-14.475189,145.502344,HICK,HICK_14
-14.47518376,145.5023132,HICK,HICK_15
-14.475177,145.502318,HICK,HICK_16
-14.475156,145.502336,HICK,HICK_17
-14.475121,145.502382,HICK,HICK_18
-14.47512022,145.5023274,HICK,HICK_19
-14.475117,145.502517,HICK,HICK_20
-14.4751157,145.5024132,HICK,HICK_21
-14.47510731,145.5023146,HICK,HICK_22
-14.47510446,145.5024672,HICK,HICK_23
-14.475097,145.50239,HICK,HICK_24
-14.475095,145.50239,HICK,HICK_25
-14.475094,145.502542,HICK,HICK_26
-14.475091,145.50239,HICK,HICK_27
-14.475091,145.502397,HICK,HICK_28
-14.475091,145.502401,HICK,HICK_29
-14.47508,145.502557,HICK,HICK_30
-14.47508,145.50259,HICK,HICK_31
-14.475075,145.502415,HICK,HICK_32
-14.47507236,145.5024813,HICK,HICK_33
-14.47507144,145.5025827,HICK,HICK_34
-14.47506272,145.5024348,HICK,HICK_35
-14.475059,145.502503,HICK,HICK_36
-14.475055,145.502585,HICK,HICK_37
-14.47505,145.502455,HICK,HICK_38
-14.47505,145.502527,HICK,HICK_39
-14.475049,145.502616,HICK,HICK_40
-14.47504621,145.5025375,HICK,HICK_41
-14.47504512,145.5024632,HICK,HICK_42
-14.475019,145.502648,HICK,HICK_43
-14.4750121,145.5026657,HICK,HICK_44
-14.475007,145.502672,HICK,HICK_45
-14.47499726,145.5026986,HICK,HICK_46
-14.474994,145.502743,HICK,HICK_47
-14.474992,145.502678,HICK,HICK_48
-14.474986,145.502689,HICK,HICK_49
-14.474981,145.502698,HICK,HICK_50
-14.47497,145.502715,HICK,HICK_51
-14.474966,145.502713,HICK,HICK_52
-14.474964,145.502743,HICK,HICK_53
-14.47496147,145.5026533,HICK,HICK_54
-14.47495988,145.5028271,HICK,HICK_55
-14.47495501,145.5027092,HICK,HICK_56
-14.474921,145.50275,HICK,HICK_57
-14.47491143,145.5027752,HICK,HICK_58
-14.47490782,145.5028383,HICK,HICK_59
-14.474907,145.502798,HICK,HICK_60
-14.47490682,145.5027822,HICK,HICK_61
-14.474895,145.502881,HICK,HICK_62
-14.474892,145.502861,HICK,HICK_63
-14.474892,145.502936,HICK,HICK_64
-14.47489,145.502862,HICK,HICK_65
-14.47488913,145.5029149,HICK,HICK_66
-14.474887,145.502864,HICK,HICK_67
-14.47487857,145.5028521,HICK,HICK_68
-14.47487849,145.5029169,HICK,HICK_69
-14.47487832,145.5029119,HICK,HICK_70
-14.47487363,145.5028441,HICK,HICK_71
-14.47487027,145.502861,HICK,HICK_72
-14.474864,145.50289,HICK,HICK_73
-14.47485753,145.5028835,HICK,HICK_74
-14.47485494,145.5028774,HICK,HICK_75
-14.474852,145.502929,HICK,HICK_76
-14.474847,145.502942,HICK,HICK_77
-14.474847,145.502957,HICK,HICK_78
-14.474845,145.502953,HICK,HICK_79
-14.474843,145.502958,HICK,HICK_80
-14.474842,145.502893,HICK,HICK_81
-14.474835,145.502969,HICK,HICK_82
-14.47482811,145.5029254,HICK,HICK_83
-14.474828,145.502991,HICK,HICK_84
-14.47482174,145.5029599,HICK,HICK_85
-14.47482174,145.5029726,HICK,HICK_86
-14.47482023,145.5029319,HICK,HICK_87
-14.474809,145.503184,HICK,HICK_88
-14.4748085,145.5029297,HICK,HICK_89
-14.47480825,145.5029369,HICK,HICK_90
-14.474808,145.50302,HICK,HICK_91
-14.47479819,145.5030107,HICK,HICK_92
-14.47479056,145.5029511,HICK,HICK_93
-14.474766,145.503105,HICK,HICK_94
-14.474749,145.503085,HICK,HICK_95
-14.474748,145.503075,HICK,HICK_96
-14.47473994,145.5031248,HICK,HICK_97
-14.474723,145.503195,HICK,HICK_98
-14.474719,145.503195,HICK,HICK_99
-14.474705,145.503209,HICK,HICK_100
-14.474696,145.503218,HICK,HICK_101
-14.47469308,145.5032102,HICK,HICK_102
-14.47467707,145.5032157,HICK,HICK_103
-14.474672,145.503206,HICK,HICK_104
-14.474653,145.503232,HICK,HICK_105
-14.474651,145.5032643,HICK,HICK_106
-14.47464027,145.5032676,HICK,HICK_107
-14.47463,145.503245,HICK,HICK_108
-14.47459,145.503324,HICK,HICK_109
-14.47458873,145.503382,HICK,HICK_110
-14.47457892,145.5033001,HICK,HICK_111
-14.47454514,145.5034852,HICK,HICK_112
-14.4745272,145.5033099,HICK,HICK_113
-14.474526,145.503397,HICK,HICK_114
-14.47449728,145.503495,HICK,HICK_115
-14.47448001,145.5033776,HICK,HICK_116
-14.47447498,145.5033838,HICK,HICK_117
-14.47441405,145.5035837,HICK,HICK_118
-14.47438924,145.5034631,HICK,HICK_119
-14.47428186,145.5036204,HICK,HICK_120
-14.47425638,145.5036686,HICK,HICK_121
-14.47423476,145.5037072,HICK,HICK_122
-14.47421925,145.5037841,HICK,HICK_123
-14.47416351,145.5038628,HICK,HICK_124
-14.47413677,145.5038358,HICK,HICK_125
-14.47411087,145.5038803,HICK,HICK_126
-14.47406813,145.5039478,HICK,HICK_127
-14.47404055,145.5039838,HICK,HICK_128
-14.47404047,145.5039727,HICK,HICK_129
-14.47397668,145.5040518,HICK,HICK_130
-14.47396805,145.5040515,HICK,HICK_131
-14.47390568,145.5041231,HICK,HICK_132
-14.47381935,145.5042618,HICK,HICK_133
-14.47375062,145.5043475,HICK,HICK_134
-14.47368407,145.504462,HICK,HICK_135
-14.47367895,145.5044997,HICK,HICK_136
-14.47358801,145.5046293,HICK,HICK_137
-14.42957648,145.4506239,HICK,HICK_138
-14.4295427,145.4505575,HICK,HICK_139
-14.42905328,145.4509223,HICK,HICK_140
-14.42899436,145.4512097,HICK,HICK_141
-14.4289765,145.4512073,HICK,HICK_142
-14.42887978,145.451713,HICK,HICK_143
-18.42433671,146.9862862,KELS,KELS_1
-18.4243026,146.9864343,KELS,KELS_2
-18.42430042,146.9864359,KELS,KELS_3
-18.42429598,146.9864076,KELS,KELS_4
-18.42425373,146.9855098,KELS,KELS_5
-18.42425164,146.986458,KELS,KELS_6
-18.4242472,146.9853203,KELS,KELS_7
-18.4242363,146.9865079,KELS,KELS_8
-18.42422113,146.9854621,KELS,KELS_9
-18.42418693,146.9854149,KELS,KELS_10
-18.424172509999998,146.9861985,KELS,KELS_11
-18.42415717,146.9853551,KELS,KELS_12
-18.42411409,146.9855136,KELS,KELS_13
-18.4241125,146.9865726,KELS,KELS_14
-18.42410739,146.9866491,KELS,KELS_15
-18.42410395,146.9843036,KELS,KELS_16
-18.42409347,146.9865317,KELS,KELS_17
-18.424069,146.9843132,KELS,KELS_18
-18.42406514,146.9866729,KELS,KELS_19
-18.42405181,146.9842974,KELS,KELS_20
-18.42404737,146.9858108,KELS,KELS_21
-18.42403094,146.9862533,KELS,KELS_22
-18.4240151,146.9857936,KELS,KELS_23
-18.42399172,146.9857507,KELS,KELS_24
-18.42397864,146.9858184,KELS,KELS_25
-18.42397571,146.9858069,KELS,KELS_26
-18.42396984,146.9857839,KELS,KELS_27
-18.42394461,146.9865131,KELS,KELS_28
-18.42394377,146.9857738,KELS,KELS_29
-18.4239234,146.9858237,KELS,KELS_30
-18.42390236,146.9857243,KELS,KELS_31
-18.42389708,146.9842961,KELS,KELS_32
-18.42388686,146.9858186,KELS,KELS_33
-18.4238597,146.9858135,KELS,KELS_34
-18.42385199,146.9858262,KELS,KELS_35
-18.42384168,146.9863348,KELS,KELS_36
-18.42384093,146.9859711,KELS,KELS_37
-18.42384093,146.9859713,KELS,KELS_38
-18.42383992,146.9859716,KELS,KELS_39
-18.42383841,146.9859733,KELS,KELS_40
-18.42383774,146.9859729,KELS,KELS_41
-18.42383363,146.9863349,KELS,KELS_42
-18.42380757,146.9857477,KELS,KELS_43
-18.42380413,146.9857382,KELS,KELS_44
-18.42379843,146.9856895,KELS,KELS_45
-18.42378787,146.9868715,KELS,KELS_46
-18.42378602,146.9863713,KELS,KELS_47
-18.423767,146.985506,KELS,KELS_48
-18.42376666,146.9865154,KELS,KELS_49
-18.423753,146.985555,KELS,KELS_50
-18.42374688,146.9855037,KELS,KELS_51
-18.423745,146.985502,KELS,KELS_52
-18.42373397,146.9855405,KELS,KELS_53
-18.42373087,146.9855322,KELS,KELS_54
-18.42373012,146.9854927,KELS,KELS_55
-18.42372567,146.9854888,KELS,KELS_56
-18.42372215,146.9858316,KELS,KELS_57
-18.42371981,146.9864073,KELS,KELS_58
-18.423717,146.985672,KELS,KELS_59
-18.423717,146.98572,KELS,KELS_60
-18.423708,146.985631,KELS,KELS_61
-18.42370405,146.9856097,KELS,KELS_62
-18.423696,146.98571,KELS,KELS_63
-18.423692,146.985758,KELS,KELS_64
-18.423691,146.985726,KELS,KELS_65
-18.42369097,146.9859292,KELS,KELS_66
-18.42369047,146.985667,KELS,KELS_67
-18.42369039,146.9859029,KELS,KELS_68
-18.42369,146.985788,KELS,KELS_69
-18.42368678,146.9858987,KELS,KELS_70
-18.423685,146.985695,KELS,KELS_71
-18.423684,146.98570900000001,KELS,KELS_72
-18.423683,146.985753,KELS,KELS_73
-18.42368041,146.9854262,KELS,KELS_74
-18.423674,146.985703,KELS,KELS_75
-18.423668,146.985723,KELS,KELS_76
-18.42366407,146.9863732,KELS,KELS_77
-18.423662,146.985764,KELS,KELS_78
-18.423662,146.985794,KELS,KELS_79
-18.423655,146.985745,KELS,KELS_80
-18.42365401,146.9867931,KELS,KELS_81
-18.423654,146.985455,KELS,KELS_82
-18.423651,146.985782,KELS,KELS_83
-18.42364848,146.9853339,KELS,KELS_84
-18.42364454,146.9855722,KELS,KELS_85
-18.423635,146.98576,KELS,KELS_86
-18.423619,146.985512,KELS,KELS_87
-18.42361797,146.986074,KELS,KELS_88
-18.4236,146.985772,KELS,KELS_89
-18.423594,146.985813,KELS,KELS_90
-18.42359274,146.98615,KELS,KELS_91
-18.42359,146.985776,KELS,KELS_92
-18.423585,146.9855,KELS,KELS_93
-18.42358452,146.9862392,KELS,KELS_94
-18.42358243,146.986242,KELS,KELS_95
-18.42356,146.98547,KELS,KELS_96
-18.4235598,146.9861253,KELS,KELS_97
-18.423547,146.985886,KELS,KELS_98
-18.423537,146.985415,KELS,KELS_99
-18.423533,146.985435,KELS,KELS_100
-18.4235318,146.9858669,KELS,KELS_101
-18.42351973,146.9863096,KELS,KELS_102
-18.423518,146.985415,KELS,KELS_103
-18.423476,146.985313,KELS,KELS_104
-18.42345661,146.986001,KELS,KELS_105
-18.423453,146.98532,KELS,KELS_106
-18.42344865,146.9860694,KELS,KELS_107
-18.423446,146.985313,KELS,KELS_108
-18.42344446,146.9860042,KELS,KELS_109
-18.423423,146.98532,KELS,KELS_110
-18.42340616,146.9843048,KELS,KELS_111
-18.4233821,146.9853064,KELS,KELS_112
-18.423375,146.985339,KELS,KELS_113
-18.42333,146.98538,KELS,KELS_114
-18.42330264,146.985242,KELS,KELS_115
-18.423297,146.985356,KELS,KELS_116
-18.423287,146.985282,KELS,KELS_117
-18.423284,146.985361,KELS,KELS_118
-18.423276,146.985239,KELS,KELS_119
-18.423273,146.985349,KELS,KELS_120
-18.423263,146.985365,KELS,KELS_121
-18.42325914,146.985202,KELS,KELS_122
-18.4232334,146.9852099,KELS,KELS_123
-18.42322,146.985198,KELS,KELS_124
-18.42311606,146.985167,KELS,KELS_125
-16.0394302,145.6508361,MACK,MACK_1
-16.03942056,145.6509333,MACK,MACK_2
-16.03941025,145.6508773,MACK,MACK_3
-16.03940791,145.6509741,MACK,MACK_4
-16.03939785,145.6509673,MACK,MACK_5
-16.03934973,145.6509577,MACK,MACK_6
-16.03933716,145.6509976,MACK,MACK_7
-16.03933096,145.6510354,MACK,MACK_8
-16.03932174,145.6510782,MACK,MACK_9
-16.03927782,145.6509957,MACK,MACK_10
-16.03927195,145.6509903,MACK,MACK_11
-16.03926022,145.6511195,MACK,MACK_12
-16.03924437,145.6509522,MACK,MACK_13
-16.0392427,145.6509493,MACK,MACK_14
-16.03923457,145.6509672,MACK,MACK_15
-16.03923339,145.6511666,MACK,MACK_16
-16.03922392,145.6510724,MACK,MACK_17
-16.03922241,145.6509547,MACK,MACK_18
-16.03920372,145.650953,MACK,MACK_19
-16.03919081,145.6511551,MACK,MACK_20
-16.03918905,145.6510447,MACK,MACK_21
-16.03918126,145.6510126,MACK,MACK_22
-16.03917782,145.6509124,MACK,MACK_23
-16.03916944,145.6510051,MACK,MACK_24
-16.03916517,145.6510868,MACK,MACK_25
-16.03915846,145.6511107,MACK,MACK_26
-16.03914882,145.6509854,MACK,MACK_27
-16.03914237,145.651096,MACK,MACK_28
-16.03913574,145.6511559,MACK,MACK_29
-16.03912083,145.6509816,MACK,MACK_30
-16.03910021,145.6510471,MACK,MACK_31
-16.03909358,145.6509169,MACK,MACK_32
-16.03907179,145.6510109,MACK,MACK_33
-16.03906198,145.6510997,MACK,MACK_34
-16.03903533,145.6509726,MACK,MACK_35
-16.03901823,145.6511206,MACK,MACK_36
-16.03898898,145.6510248,MACK,MACK_37
-16.03895981,145.6510985,MACK,MACK_38
-16.03895889,145.6510878,MACK,MACK_39
-16.03893064,145.6510103,MACK,MACK_40
-16.038926,145.651066,MACK,MACK_41
-16.038921,145.651154,MACK,MACK_42
-16.038918,145.651119,MACK,MACK_43
-16.038916,145.651136,MACK,MACK_44
-16.038913,145.651157,MACK,MACK_45
-16.03891253,145.6511143,MACK,MACK_46
-16.03891,145.651106,MACK,MACK_47
-16.03890013,145.6510103,MACK,MACK_48
-16.038896,145.651138,MACK,MACK_49
-16.038882,145.65113,MACK,MACK_50
-16.038878,145.651151,MACK,MACK_51
-16.038874,145.65117,MACK,MACK_52
-16.038872,145.651099,MACK,MACK_53
-16.038871,145.651063,MACK,MACK_54
-16.038871,145.651172,MACK,MACK_55
-16.03887,145.651082,MACK,MACK_56
-16.038867,145.651216,MACK,MACK_57
-16.038865,145.651194,MACK,MACK_58
-16.038863,145.651225,MACK,MACK_59
-16.038861,145.651089,MACK,MACK_60
-16.03886,145.651099,MACK,MACK_61
-16.038856,145.65124,MACK,MACK_62
-16.03885453,145.6510613,MACK,MACK_63
-16.038842,145.651248,MACK,MACK_64
-16.038837,145.651247,MACK,MACK_65
-16.03883165,145.6511304,MACK,MACK_66
-16.03883,145.651114,MACK,MACK_67
-16.038828,145.651238,MACK,MACK_68
-16.03882553,145.6511571,MACK,MACK_69
-16.038811,145.651235,MACK,MACK_70
-16.03880625,145.6511914,MACK,MACK_71
-16.038796,145.651102,MACK,MACK_72
-16.038794,145.651201,MACK,MACK_73
-16.03878488,145.6511149,MACK,MACK_74
-16.038784,145.651278,MACK,MACK_75
-16.038782,145.651236,MACK,MACK_76
-16.03878,145.651111,MACK,MACK_77
-16.038777,145.651192,MACK,MACK_78
-16.038776,145.651205,MACK,MACK_79
-16.038775,145.651189,MACK,MACK_80
-16.038773,145.65127,MACK,MACK_81
-16.038773,145.65131,MACK,MACK_82
-16.03877,145.651254,MACK,MACK_83
-16.038768,145.651189,MACK,MACK_84
-16.03876652,145.6512292,MACK,MACK_85
-16.03875982,145.6512315,MACK,MACK_86
-16.038754,145.651355,MACK,MACK_87
-16.038752,145.65123,MACK,MACK_88
-16.038748,145.651243,MACK,MACK_89
-16.03874188,145.6511755,MACK,MACK_90
-16.038737,145.651368,MACK,MACK_91
-16.038734,145.651261,MACK,MACK_92
-16.038734,145.65131,MACK,MACK_93
-16.038732,145.651241,MACK,MACK_94
-16.038732,145.651283,MACK,MACK_95
-16.03873,145.65128,MACK,MACK_96
-16.038729,145.651233,MACK,MACK_97
-16.03872788,145.6511892,MACK,MACK_98
-16.038726,145.651299,MACK,MACK_99
-16.038723,145.651377,MACK,MACK_100
-16.038721,145.651278,MACK,MACK_101
-16.03871,145.651384,MACK,MACK_102
-16.038702,145.651301,MACK,MACK_103
-16.038701,145.651265,MACK,MACK_104
-16.03870047,145.6512437,MACK,MACK_105
-16.038696,145.651379,MACK,MACK_106
-16.038695,145.651277,MACK,MACK_107
-16.03868,145.651315,MACK,MACK_108
-16.038669,145.651398,MACK,MACK_109
-16.03865311,145.6513126,MACK,MACK_110
-16.038648,145.6513682,MACK,MACK_111
-16.038646,145.651393,MACK,MACK_112
-16.03864574,145.6512951,MACK,MACK_113
-16.03864,145.651321,MACK,MACK_114
-16.038632,145.651362,MACK,MACK_115
-16.03860232,145.6514855,MACK,MACK_116
-16.03854071,145.6527676,MACK,MACK_117
-16.0385071,145.6528322,MACK,MACK_118
-16.03839411,145.6524814,MACK,MACK_119
-16.03837106,145.65151410000001,MACK,MACK_120
-16.03833578,145.6524616,MACK,MACK_121
-16.03832932,145.6523507,MACK,MACK_122
-16.03828188,145.652303,MACK,MACK_123
-16.03828113,145.6516184,MACK,MACK_124
-16.03826746,145.6520017,MACK,MACK_125
-16.03826604,145.6522356,MACK,MACK_126
-16.03826235,145.6519396,MACK,MACK_127
-16.03825456,145.6522173,MACK,MACK_128
-16.03825422,145.6518467,MACK,MACK_129
-16.03824089,145.6520632,MACK,MACK_130
-16.03823947,145.6519349,MACK,MACK_131
-16.03821063,145.6518355,MACK,MACK_132
-16.0382103,145.652194,MACK,MACK_133
-16.03820728,145.6521056,MACK,MACK_134
-16.03820284,145.6521111,MACK,MACK_135
-16.03819295,145.6519614,MACK,MACK_136
-16.03819052,145.6521654,MACK,MACK_137
-16.03818507,145.6518647,MACK,MACK_138
-16.03817912,145.6521183,MACK,MACK_139
-16.03817753,145.6521141,MACK,MACK_140
-16.03817233,145.6517735,MACK,MACK_141
-16.03817233,145.6518975,MACK,MACK_142
-16.03816705,145.6517438,MACK,MACK_143
-16.03816428,145.6517593,MACK,MACK_144
-16.03816143,145.6518095,MACK,MACK_145
-14.78067999,145.3578195,MART,MART_1
-14.78066775,145.3578024,MART,MART_2
-14.78066113,145.3578278,MART,MART_3
-14.78064462,145.3577854,MART,MART_4
-14.78063615,145.3577796,MART,MART_5
-14.78063188,145.357756,MART,MART_6
-14.78059952,145.3577995,MART,MART_7
-14.78056608,145.3578337,MART,MART_8
-14.78055149,145.3578359,MART,MART_9
-14.78050497,145.3577807,MART,MART_10
-14.78048821,145.3582649,MART,MART_11
-14.78046617,145.3578927,MART,MART_12
-14.78046499,145.3594752,MART,MART_13
-14.78043767,145.3580834,MART,MART_14
-14.7804354,145.3594667,MART,MART_15
-14.78043096,145.3594595,MART,MART_16
-14.78043096,145.3595575,MART,MART_17
-14.78040464,145.3595192,MART,MART_18
-14.78040028,145.3578885,MART,MART_19
-14.78039961,145.359542,MART,MART_20
-14.78039358,145.3594182,MART,MART_21
-14.78037556,145.3583258,MART,MART_22
-14.7803691,145.3582881,MART,MART_23
-14.78036877,145.3594336,MART,MART_24
-14.78036868,145.3593773,MART,MART_25
-14.78034429,145.359567,MART,MART_26
-14.78034278,145.3578964,MART,MART_27
-14.78033801,145.3582035,MART,MART_28
-14.78033298,145.3581133,MART,MART_29
-14.78032946,145.358016,MART,MART_30
-14.78032736,145.3584102,MART,MART_31
-14.78032493,145.3585006,MART,MART_32
-14.7803204,145.3580459,MART,MART_33
-14.78031814,145.3580776,MART,MART_34
-14.78031655,145.359367,MART,MART_35
-14.78031009,145.3596253,MART,MART_36
-14.78030423,145.3584325,MART,MART_37
-14.78029576,145.3595756,MART,MART_38
-14.78029107,145.3580329,MART,MART_39
-14.78028084,145.3596288,MART,MART_40
-14.78026777,145.3596253,MART,MART_41
-14.78026601,145.3582501,MART,MART_42
-14.78024681,145.3593683,MART,MART_43
-14.78023273,145.3596126,MART,MART_44
-14.78019325,145.3596426,MART,MART_45
-14.78017515,145.3596584,MART,MART_46
-14.7801681,145.3583618,MART,MART_47
-14.780162,145.358309,MART,MART_48
-14.78014673,145.3596696,MART,MART_49
-14.780142,145.358348,MART,MART_50
-14.780139,145.358351,MART,MART_51
-14.78013818,145.358499,MART,MART_52
-14.78013483,145.3596302,MART,MART_53
-14.78012754,145.3593483,MART,MART_54
-14.780121,145.358541,MART,MART_55
-14.780114,145.358814,MART,MART_56
-14.78011345,145.3596182,MART,MART_57
-14.780109,145.358393,MART,MART_58
-14.78010306,145.358533,MART,MART_59
-14.780100880000001,145.3596059,MART,MART_60
-14.7801,145.358501,MART,MART_61
-14.780096,145.358857,MART,MART_62
-14.780093,145.358165,MART,MART_63
-14.78008982,145.3595805,MART,MART_64
-14.780086,145.358066,MART,MART_65
-14.780084,145.358902,MART,MART_66
-14.78008202,145.3595543,MART,MART_67
-14.780078,145.358134,MART,MART_68
-14.780078,145.358833,MART,MART_69
-14.7800775,145.359509,MART,MART_70
-14.780077,145.358147,MART,MART_71
-14.780076,145.35883,MART,MART_72
-14.78007331,145.3595384,MART,MART_73
-14.78007,145.358059,MART,MART_74
-14.78007,145.358492,MART,MART_75
-14.78006174,145.3594833,MART,MART_76
-14.780058,145.358815,MART,MART_77
-14.780057,145.358544,MART,MART_78
-14.780056,145.358422,MART,MART_79
-14.78004,145.358834,MART,MART_80
-14.780039,145.358513,MART,MART_81
-14.780039,145.358655,MART,MART_82
-14.780038,145.3587,MART,MART_83
-14.780034,145.357997,MART,MART_84
-14.780029,145.358953,MART,MART_85
-14.780026,145.358649,MART,MART_86
-14.78002327,145.3590894,MART,MART_87
-14.780018,145.358709,MART,MART_88
-14.780017,145.358635,MART,MART_89
-14.78001639,145.3588786,MART,MART_90
-14.780013,145.358643,MART,MART_91
-14.780008,145.35864,MART,MART_92
-14.78000206,145.3593995,MART,MART_93
-14.779999,145.358772,MART,MART_94
-14.779994,145.358974,MART,MART_95
-14.779982,145.358715,MART,MART_96
-14.779981,145.358601,MART,MART_97
-14.779979,145.358622,MART,MART_98
-14.779973,145.359,MART,MART_99
-14.779961,145.358646,MART,MART_100
-14.779959,145.359026,MART,MART_101
-14.77995889,145.3587718,MART,MART_102
-14.779949,145.358759,MART,MART_103
-14.779941,145.359033,MART,MART_104
-14.779941,145.359297,MART,MART_105
-14.7799366,145.3590635,MART,MART_106
-14.779934,145.359128,MART,MART_107
-14.77992696,145.3592377,MART,MART_108
-14.7799231,145.3588682,MART,MART_109
-14.77992,145.359144,MART,MART_110
-14.779905,145.359415,MART,MART_111
-14.779903,145.359425,MART,MART_112
-14.779902,145.359313,MART,MART_113
-14.7799,145.359159,MART,MART_114
-14.779897,145.359313,MART,MART_115
-14.779885,145.359329,MART,MART_116
-14.779884,145.359423,MART,MART_117
-14.77987801,145.3588843,MART,MART_118
-14.77987382,145.3592046,MART,MART_119
-14.779871,145.359357,MART,MART_120
-14.77986418,145.3593209,MART,MART_121
-14.779861,145.359173,MART,MART_122
-14.779848,145.359258,MART,MART_123
-14.77984,145.359423,MART,MART_124
-14.779832,145.359245,MART,MART_125
-14.779821,145.359473,MART,MART_126
-14.77981707,145.3592987,MART,MART_127
-14.77981514,145.3591928,MART,MART_128
-14.77980886,145.3591423,MART,MART_129
-14.77978648,145.3594006,MART,MART_130
-14.779762,145.359547,MART,MART_131
-14.779761,145.35957199999999,MART,MART_132
-14.77975328,145.3594316,MART,MART_133
-14.77974775,145.3595074,MART,MART_134
-14.77974088,145.359632,MART,MART_135
-14.779699,145.359733,MART,MART_136
-14.77965991,145.359936,MART,MART_137
-14.7795978,145.3599456,MART,MART_138
-14.77953334,145.3605418,MART,MART_139
-14.77942924,145.3601277,MART,MART_140
-14.77942522,145.3602739,MART,MART_141
-14.77937635,145.3601987,MART,MART_142
-14.77910587,145.3608177,MART,MART_143
-14.77906303,145.3607222,MART,MART_144
-18.27838,147.37922,MYRM,MYRM_1
-18.27819396,147.3789882,MYRM,MYRM_2
-18.27817678,147.3789961,MYRM,MYRM_3
-18.2781616,147.3793314,MYRM,MYRM_4
-18.27814241,147.3794371,MYRM,MYRM_5
-18.27814191,147.3793548,MYRM,MYRM_6
-18.27814065,147.3793501,MYRM,MYRM_7
-18.27811911,147.3794505,MYRM,MYRM_8
-18.27811022,147.3788917,MYRM,MYRM_9
-18.27810628,147.3789045,MYRM,MYRM_10
-18.27809949,147.3789341,MYRM,MYRM_11
-18.27807058,147.3792812,MYRM,MYRM_12
-18.2780461,147.3791772,MYRM,MYRM_13
-18.27802163,147.3788529,MYRM,MYRM_14
-18.27798642,147.3789643,MYRM,MYRM_15
-18.27798609,147.3789681,MYRM,MYRM_16
-18.27797921,147.3787955,MYRM,MYRM_17
-18.27797854,147.378974,MYRM,MYRM_18
-18.2779767,147.3787863,MYRM,MYRM_19
-18.27797284,147.3789485,MYRM,MYRM_20
-18.27797259,147.3789835,MYRM,MYRM_21
-18.27797092,147.3790123,MYRM,MYRM_22
-18.27795331,147.378726,MYRM,MYRM_23
-18.27786673,147.3787855,MYRM,MYRM_24
-18.27786069,147.3788495,MYRM,MYRM_25
-18.27784234,147.3788077,MYRM,MYRM_26
-14.74339569,145.5132492,NDIR,NDIR_1
-14.74339,145.51333,NDIR,NDIR_2
-14.74336929,145.5132594,NDIR,NDIR_3
-14.74336275,145.5132172,NDIR,NDIR_4
-14.74336199,145.5132533,NDIR,NDIR_5
-14.74335043,145.5132808,NDIR,NDIR_6
-14.74333936,145.5131797,NDIR,NDIR_7
-14.74333819,145.513238,NDIR,NDIR_8
-14.74330408,145.513266,NDIR,NDIR_9
-14.74328295,145.513156,NDIR,NDIR_10
-14.74326409,145.5131544,NDIR,NDIR_11
-14.74321531,145.5131658,NDIR,NDIR_12
-14.74314658,145.5130356,NDIR,NDIR_13
-14.74312462,145.5131528,NDIR,NDIR_14
-14.743105,145.512795,NDIR,NDIR_15
-14.743104,145.512806,NDIR,NDIR_16
-14.743101,145.512791,NDIR,NDIR_17
-14.74310031,145.5130513,NDIR,NDIR_18
-14.743098,145.512783,NDIR,NDIR_19
-14.743095,145.512795,NDIR,NDIR_20
-14.743092,145.512784,NDIR,NDIR_21
-14.74308849,145.5128912,NDIR,NDIR_22
-14.743088,145.51276,NDIR,NDIR_23
-14.74308455,145.5130413,NDIR,NDIR_24
-14.743077,145.512762,NDIR,NDIR_25
-14.743071,145.512765,NDIR,NDIR_26
-14.74307081,145.5130658,NDIR,NDIR_27
-14.74307,145.512767,NDIR,NDIR_28
-14.743068,145.512805,NDIR,NDIR_29
-14.743066,145.513041,NDIR,NDIR_30
-14.743065,145.512805,NDIR,NDIR_31
-14.74306452,145.5129246,NDIR,NDIR_32
-14.743062,145.512844,NDIR,NDIR_33
-14.743062,145.512984,NDIR,NDIR_34
-14.74306,145.512942,NDIR,NDIR_35
-14.74306,145.512953,NDIR,NDIR_36
-14.743059,145.512738,NDIR,NDIR_37
-14.743058,145.51286,NDIR,NDIR_38
-14.743056,145.512981,NDIR,NDIR_39
-14.743054,145.512918,NDIR,NDIR_40
-14.74305,145.512921,NDIR,NDIR_41
-14.74304968,145.5128437,NDIR,NDIR_42
-14.743048,145.512718,NDIR,NDIR_43
-14.743048,145.512853,NDIR,NDIR_44
-14.743048,145.51292,NDIR,NDIR_45
-14.743046,145.512901,NDIR,NDIR_46
-14.743046,145.513023,NDIR,NDIR_47
-14.743045,145.512839,NDIR,NDIR_48
-14.74304013,145.5129828,NDIR,NDIR_49
-14.74304,145.5129,NDIR,NDIR_50
-14.74303979,145.5130851,NDIR,NDIR_51
-14.743039,145.512869,NDIR,NDIR_52
-14.74303837,145.512756,NDIR,NDIR_53
-14.743038,145.512998,NDIR,NDIR_54
-14.743037,145.512892,NDIR,NDIR_55
-14.743032,145.51283,NDIR,NDIR_56
-14.743032,145.513015,NDIR,NDIR_57
-14.743031,145.512716,NDIR,NDIR_58
-14.743028,145.512676,NDIR,NDIR_59
-14.743028,145.512697,NDIR,NDIR_60
-14.743027,145.512894,NDIR,NDIR_61
-14.743023,145.513008,NDIR,NDIR_62
-14.74301917,145.5128808,NDIR,NDIR_63
-14.743017,145.512709,NDIR,NDIR_64
-14.743014,145.512681,NDIR,NDIR_65
-14.742999,145.512669,NDIR,NDIR_66
-14.74299805,145.5127886,NDIR,NDIR_67
-14.742997,145.51267000000001,NDIR,NDIR_68
-14.742997,145.512697,NDIR,NDIR_69
-14.742995,145.51267000000001,NDIR,NDIR_70
-14.742995,145.512713,NDIR,NDIR_71
-14.742994,145.512701,NDIR,NDIR_72
-14.74299084,145.5129556,NDIR,NDIR_73
-14.74299,145.512689,NDIR,NDIR_74
-14.742987,145.512719,NDIR,NDIR_75
-14.742986,145.512671,NDIR,NDIR_76
-14.742985,145.512732,NDIR,NDIR_77
-14.74296947,145.5128701,NDIR,NDIR_78
-14.742969,145.512715,NDIR,NDIR_79
-14.74296897,145.5129756,NDIR,NDIR_80
-14.74296184,145.5129314,NDIR,NDIR_81
-14.74295866,145.5129679,NDIR,NDIR_82
-14.74295162,145.5129827,NDIR,NDIR_83
-14.74294759,145.5129375,NDIR,NDIR_84
-14.74294684,145.5129575,NDIR,NDIR_85
-14.74293871,145.5127523,NDIR,NDIR_86
-14.74293058,145.5127109,NDIR,NDIR_87
-14.74292655,145.5127266,NDIR,NDIR_88
-14.74289504,145.5127778,NDIR,NDIR_89
-14.7428709,145.5127718,NDIR,NDIR_90
-14.74285606,145.5124947,NDIR,NDIR_91
-14.74283854,145.5126526,NDIR,NDIR_92
-14.74283846,145.5126495,NDIR,NDIR_93
-14.7428341,145.5127479,NDIR,NDIR_94
-14.74282622,145.5125197,NDIR,NDIR_95
-14.74278566,145.512503,NDIR,NDIR_96
-14.74274928,145.5124824,NDIR,NDIR_97
-14.74273461,145.5124882,NDIR,NDIR_98
-14.7427191,145.5125236,NDIR,NDIR_99
-14.74269488,145.5127157,NDIR,NDIR_100
-14.74268172,145.5125342,NDIR,NDIR_101
-14.7426787,145.5125182,NDIR,NDIR_102
-14.74265,145.51237,NDIR,NDIR_103
-14.74264,145.51237,NDIR,NDIR_104
-14.74263,145.51237,NDIR,NDIR_105
-14.74263,145.51238,NDIR,NDIR_106
-14.74263,145.51248,NDIR,NDIR_107
-14.74262,145.5124,NDIR,NDIR_108
-14.74262,145.51246,NDIR,NDIR_109
-14.74261,145.51237,NDIR,NDIR_110
-14.74261,145.51238,NDIR,NDIR_111
-14.74261,145.5124,NDIR,NDIR_112
-14.7426,145.51237,NDIR,NDIR_113
-14.7426,145.51238,NDIR,NDIR_114
-14.74259,145.51234,NDIR,NDIR_115
-14.74258843,145.5127075,NDIR,NDIR_116
-14.74258,145.51235,NDIR,NDIR_117
-14.74258,145.51238,NDIR,NDIR_118
-14.74257745,145.5126694,NDIR,NDIR_119
-14.74257695,145.5125664,NDIR,NDIR_120
-14.74257569,145.5124069,NDIR,NDIR_121
-14.74257477,145.5126469,NDIR,NDIR_122
-14.74257,145.51234,NDIR,NDIR_123
-14.74257,145.51245,NDIR,NDIR_124
-14.74256999,145.5125269,NDIR,NDIR_125
-14.74256529,145.5123842,NDIR,NDIR_126
-14.74256,145.51229,NDIR,NDIR_127
-14.74256,145.5123,NDIR,NDIR_128
-14.74255716,145.5126707,NDIR,NDIR_129
-14.74255339,145.5123261,NDIR,NDIR_130
-14.74255,145.51204,NDIR,NDIR_131
-14.74255,145.51205,NDIR,NDIR_132
-14.74255,145.51229,NDIR,NDIR_133
-14.74255,145.51231,NDIR,NDIR_134
-14.74255,145.51233,NDIR,NDIR_135
-14.74254769,145.5122226,NDIR,NDIR_136
-14.74254736,145.5122922,NDIR,NDIR_137
-14.74254543,145.5126457,NDIR,NDIR_138
-14.74254367,145.5125447,NDIR,NDIR_139
-14.74254,145.51203,NDIR,NDIR_140
-14.74254,145.51205,NDIR,NDIR_141
-14.74254,145.51232,NDIR,NDIR_142
-14.74254,145.51234,NDIR,NDIR_143
-14.74253135,145.5121976,NDIR,NDIR_144
-14.74253,145.51235,NDIR,NDIR_145
-14.74252699,145.5126851,NDIR,NDIR_146
-14.74252,145.51215,NDIR,NDIR_147
-14.74252,145.51229,NDIR,NDIR_148
-14.74252,145.51233,NDIR,NDIR_149
-14.74252,145.51236,NDIR,NDIR_150
-14.74251,145.51217,NDIR,NDIR_151
-14.74249765,145.512233,NDIR,NDIR_152
-14.74249,145.51226,NDIR,NDIR_153
-14.74249,145.51227,NDIR,NDIR_154
-14.74249,145.51229,NDIR,NDIR_155
-14.74248357,145.5121037,NDIR,NDIR_156
-14.74248223,145.5123608,NDIR,NDIR_157
-14.74247804,145.5125633,NDIR,NDIR_158
-14.74247,145.51225,NDIR,NDIR_159
-14.74246077,145.5121414,NDIR,NDIR_160
-14.74244,145.51204,NDIR,NDIR_161
-14.74241878,145.5121353,NDIR,NDIR_162
-14.74241233,145.5121828,NDIR,NDIR_163
-14.7424083,145.5121015,NDIR,NDIR_164
-14.74240403,145.5123213,NDIR,NDIR_165
-14.74240378,145.5123154,NDIR,NDIR_166
-14.7424,145.51202,NDIR,NDIR_167
-14.7424,145.51207,NDIR,NDIR_168
-14.74239699,145.5121812,NDIR,NDIR_169
-14.74239355,145.5123996,NDIR,NDIR_170
-14.74239,145.51207,NDIR,NDIR_171
-14.74239,145.51208,NDIR,NDIR_172
-14.74238777,145.5122341,NDIR,NDIR_173
-14.74238726,145.5122819,NDIR,NDIR_174
-14.74238383,145.5120494,NDIR,NDIR_175
-14.74238081,145.5120582,NDIR,NDIR_176
-14.74238,145.51195,NDIR,NDIR_177
-14.74237788,145.5120587,NDIR,NDIR_178
-14.7423653,145.5123142,NDIR,NDIR_179
-14.74236229,145.5122106,NDIR,NDIR_180
-14.74236,145.51193,NDIR,NDIR_181
-14.74235952,145.5123116,NDIR,NDIR_182
-14.74234636,145.5123385,NDIR,NDIR_183
-14.74234208,145.5120157,NDIR,NDIR_184
-14.74232163,145.5115359,NDIR,NDIR_185
-14.74232,145.51176,NDIR,NDIR_186
-14.74229506,145.5115744,NDIR,NDIR_187
-14.74229179,145.5115843,NDIR,NDIR_188
-14.74227377,145.5114273,NDIR,NDIR_189
-14.74227193,145.5114833,NDIR,NDIR_190
-14.74225734,145.5116133,NDIR,NDIR_191
-14.74225299,145.5115953,NDIR,NDIR_192
-14.7422524,145.51159,NDIR,NDIR_193
-14.74224,145.51166,NDIR,NDIR_194
-14.74223589,145.5113843,NDIR,NDIR_195
-14.74222608,145.5113428,NDIR,NDIR_196
-14.74222289,145.5113193,NDIR,NDIR_197
-14.74222164,145.5113739,NDIR,NDIR_198
-14.74221694,145.511577,NDIR,NDIR_199
-14.74221108,145.5113548,NDIR,NDIR_200
-14.74220982,145.5115903,NDIR,NDIR_201
-14.7422,145.51182,NDIR,NDIR_202
-14.74219649,145.5119117,NDIR,NDIR_203
-14.74219574,145.5113795,NDIR,NDIR_204
-14.74217537,145.5116169,NDIR,NDIR_205
-14.74217,145.51167,NDIR,NDIR_206
-14.7421581,145.5117952,NDIR,NDIR_207
-14.74214729,145.5113578,NDIR,NDIR_208
-14.74214553,145.5116461,NDIR,NDIR_209
-14.74213899,145.511375,NDIR,NDIR_210
-14.74213111,145.5116542,NDIR,NDIR_211
-14.74212214,145.5117554,NDIR,NDIR_212
-14.7421,145.51219,NDIR,NDIR_213
-14.65159189,145.6392939,NONA,NONA_1
-14.65152978,145.6392287,NONA,NONA_2
-14.65150497,145.6392085,NONA,NONA_3
-14.65150153,145.6390363,NONA,NONA_4
-14.65145401,145.6393321,NONA,NONA_5
-14.6514442,145.6390163,NONA,NONA_6
-14.65125712,145.6393726,NONA,NONA_7
-14.6512173,145.6382539,NONA,NONA_8
-14.65121202,145.6382453,NONA,NONA_9
-14.651201,145.638293,NONA,NONA_10
-14.6512,145.638224,NONA,NONA_11
-14.65119098,145.6382735,NONA,NONA_12
-14.651162,145.638217,NONA,NONA_13
-14.651159,145.638351,NONA,NONA_14
-14.65115586,145.6383401,NONA,NONA_15
-14.65115561,145.6388503,NONA,NONA_16
-14.65115394,145.6383015,NONA,NONA_17
-14.651146,145.638232,NONA,NONA_18
-14.65113918,145.6383907,NONA,NONA_19
-14.651131,145.638398,NONA,NONA_20
-14.65113013,145.638273,NONA,NONA_21
-14.65113,145.63841,NONA,NONA_22
-14.65112376,145.6382704,NONA,NONA_23
-14.651118,145.638346,NONA,NONA_24
-14.651103,145.638376,NONA,NONA_25
-14.6511,145.638356,NONA,NONA_26
-14.651097,145.638401,NONA,NONA_27
-14.651094,145.638389,NONA,NONA_28
-14.65108939,145.6382543,NONA,NONA_29
-14.651089,145.638403,NONA,NONA_30
-14.651079,145.638409,NONA,NONA_31
-14.651076,145.638429,NONA,NONA_32
-14.651071,145.638462,NONA,NONA_33
-14.65106,145.638459,NONA,NONA_34
-14.65105872,145.638374,NONA,NONA_35
-14.651058,145.638442,NONA,NONA_36
-14.65104631,145.6384497,NONA,NONA_37
-14.651045,145.638315,NONA,NONA_38
-14.65103734,145.6384377,NONA,NONA_39
-14.65103407,145.638288,NONA,NONA_40
-14.651033,145.638499,NONA,NONA_41
-14.65103206,145.6383295,NONA,NONA_42
-14.65102888,145.6383849,NONA,NONA_43
-14.651021,145.638478,NONA,NONA_44
-14.65101689,145.6383799,NONA,NONA_45
-14.65101538,145.6384382,NONA,NONA_46
-14.651014,145.638331,NONA,NONA_47
-14.65100516,145.6384946,NONA,NONA_48
-14.65100474,145.6388443,NONA,NONA_49
-14.65099879,145.6382994,NONA,NONA_50
-14.650998,145.638434,NONA,NONA_51
-14.650997,145.638415,NONA,NONA_52
-14.65099636,145.6383884,NONA,NONA_53
-14.650992,145.6387967,NONA,NONA_54
-14.65099091,145.6384361,NONA,NONA_55
-14.65098873,145.6384038,NONA,NONA_56
-14.65098856,145.6384714,NONA,NONA_57
-14.65098739,145.6382776,NONA,NONA_58
-14.650986,145.638495,NONA,NONA_59
-14.65098512,145.6384826,NONA,NONA_60
-14.65098387,145.6383354,NONA,NONA_61
-14.65097532,145.6384242,NONA,NONA_62
-14.6509723,145.6384345,NONA,NONA_63
-14.65096802,145.6387847,NONA,NONA_64
-14.65096434,145.6384742,NONA,NONA_65
-14.65096258,145.63834,NONA,NONA_66
-14.65096,145.638414,NONA,NONA_67
-14.65095478,145.638527,NONA,NONA_68
-14.65095445,145.6384332,NONA,NONA_69
-14.650954,145.638411,NONA,NONA_70
-14.650954,145.638451,NONA,NONA_71
-14.650953,145.63847,NONA,NONA_72
-14.6509516,145.6382628,NONA,NONA_73
-14.650949,145.638396,NONA,NONA_74
-14.650948,145.638461,NONA,NONA_75
-14.65094497,145.6385154,NONA,NONA_76
-14.650944,145.638312,NONA,NONA_77
-14.650938,145.638409,NONA,NONA_78
-14.650937,145.638408,NONA,NONA_79
-14.650928,145.638471,NONA,NONA_80
-14.650926,145.638278,NONA,NONA_81
-14.65092528,145.6392295,NONA,NONA_82
-14.65092226,145.6384919,NONA,NONA_83
-14.650922,145.638477,NONA,NONA_84
-14.650919,145.63845800000001,NONA,NONA_85
-14.65091765,145.6392311,NONA,NONA_86
-14.650916,145.638216,NONA,NONA_87
-14.650912,145.638227,NONA,NONA_88
-14.650911,145.638238,NONA,NONA_89
-14.65091,145.638211,NONA,NONA_90
-14.65091,145.638233,NONA,NONA_91
-14.65090784,145.6382346,NONA,NONA_92
-14.650905,145.638249,NONA,NONA_93
-14.65090424,145.6384812,NONA,NONA_94
-14.65090122,145.6385152,NONA,NONA_95
-14.65089,145.638455,NONA,NONA_96
-14.65088965,145.638275,NONA,NONA_97
-14.65088815,145.6384346,NONA,NONA_98
-14.65088605,145.6387328,NONA,NONA_99
-14.650885,145.638248,NONA,NONA_100
-14.65088421,145.6385167,NONA,NONA_101
-14.65088219,145.6385087,NONA,NONA_102
-14.65088,145.638513,NONA,NONA_103
-14.65087457,145.6382488,NONA,NONA_104
-14.6508697,145.6385142,NONA,NONA_105
-14.65086895,145.6383494,NONA,NONA_106
-14.65086769,145.6383056,NONA,NONA_107
-14.65086241,145.6383748,NONA,NONA_108
-14.65086,145.638305,NONA,NONA_109
-14.650855,145.638471,NONA,NONA_110
-14.65085395,145.6381966,NONA,NONA_111
-14.650853,145.638456,NONA,NONA_112
-14.65085286,145.6393053,NONA,NONA_113
-14.650851,145.638511,NONA,NONA_114
-14.65083861,145.6392903,NONA,NONA_115
-14.65083743,145.6385368,NONA,NONA_116
-14.650834,145.6384836,NONA,NONA_117
-14.65082838,145.6385369,NONA,NONA_118
-14.650828,145.638419,NONA,NONA_119
-14.65082629,145.6382504,NONA,NONA_120
-14.65082461,145.638413,NONA,NONA_121
-14.65082251,145.6382101,NONA,NONA_122
-14.65081288,145.6384807,NONA,NONA_123
-14.650802,145.63836,NONA,NONA_124
-14.65078865,145.6382049,NONA,NONA_125
-14.65078144,145.6393708,NONA,NONA_126
-14.65076476,145.6383714,NONA,NONA_127
-14.65075387,145.6383759,NONA,NONA_128
-14.6507314,145.6394299,NONA,NONA_129
-14.6506506,145.6387634,NONA,NONA_130
-14.65062336,145.6394039,NONA,NONA_131
-14.65061121,145.638905,NONA,NONA_132
-14.65059369,145.6394033,NONA,NONA_133
-14.65046075,145.6391821,NONA,NONA_134
-18.67084723,147.7065797,OCCH,OCCH_1
-18.67074472,147.7066244,OCCH,OCCH_2
-18.67061086,147.7066658,OCCH,OCCH_3
-18.67059829,147.7065983,OCCH,OCCH_4
-18.67059183,147.7066432,OCCH,OCCH_5
-18.67057859,147.7066071,OCCH,OCCH_6
-18.67055152,147.7067028,OCCH,OCCH_7
-18.67054733,147.7067148,OCCH,OCCH_8
-18.67052176,147.7067376,OCCH,OCCH_9
-18.6705081,147.7063129,OCCH,OCCH_10
-18.67050039,147.7069122,OCCH,OCCH_11
-18.67049863,147.7065465,OCCH,OCCH_12
-18.67048664,147.7063112,OCCH,OCCH_13
-18.67048346,147.7063299,OCCH,OCCH_14
-18.67046719,147.7062929,OCCH,OCCH_15
-18.67045563,147.7063281,OCCH,OCCH_16
-18.67044917,147.7062928,OCCH,OCCH_17
-18.67043727,147.7068578,OCCH,OCCH_18
-18.67043249,147.7066702,OCCH,OCCH_19
-18.67043199,147.7064835,OCCH,OCCH_20
-18.67043057,147.7064718,OCCH,OCCH_21
-18.67042922,147.7065433,OCCH,OCCH_22
-18.67042897,147.7063577,OCCH,OCCH_23
-18.67042788,147.7063333,OCCH,OCCH_24
-18.67042554,147.7063247,OCCH,OCCH_25
-18.67041858,147.7063558,OCCH,OCCH_26
-18.67041648,147.7067609,OCCH,OCCH_27
-18.67040483,147.7062572,OCCH,OCCH_28
-18.67040148,147.7068001,OCCH,OCCH_29
-18.67039494,147.7068034,OCCH,OCCH_30
-18.67039218,147.7067407,OCCH,OCCH_31
-18.67037927,147.706492,OCCH,OCCH_32
-18.67037365,147.7067122,OCCH,OCCH_33
-18.67036837,147.7065098,OCCH,OCCH_34
-18.67035991,147.7064092,OCCH,OCCH_35
-18.67035479,147.7067572,OCCH,OCCH_36
-18.67034809,147.7067818,OCCH,OCCH_37
-18.67030023,147.7064108,OCCH,OCCH_38
-18.67025857,147.7063633,OCCH,OCCH_39
-18.670243,147.707176,OCCH,OCCH_40
-18.67020643,147.706589,OCCH,OCCH_41
-18.670196,147.707095,OCCH,OCCH_42
-18.67018204,147.7063997,OCCH,OCCH_43
-18.67017936,147.7065452,OCCH,OCCH_44
-18.670177,147.707149,OCCH,OCCH_45
-18.6701584,147.7067162,OCCH,OCCH_46
-18.67015723,147.7066848,OCCH,OCCH_47
-18.67014432,147.7067061,OCCH,OCCH_48
-18.670143,147.707036,OCCH,OCCH_49
-18.67011314,147.7067657,OCCH,OCCH_50
-18.67010778,147.7067678,OCCH,OCCH_51
-18.67010409,147.7072681,OCCH,OCCH_52
-18.67010065,147.70676219999999,OCCH,OCCH_53
-18.67008221,147.7066505,OCCH,OCCH_54
-18.67007861,147.7064041,OCCH,OCCH_55
-18.67007819,147.7064511,OCCH,OCCH_56
-18.670077,147.707496,OCCH,OCCH_57
-18.670071,147.707474,OCCH,OCCH_58
-18.67007,147.707542,OCCH,OCCH_59
-18.670069,147.707557,OCCH,OCCH_60
-18.6700657,147.706381,OCCH,OCCH_61
-18.67005891,147.7067769,OCCH,OCCH_62
-18.67005455,147.7067585,OCCH,OCCH_63
-18.67005363,147.7062531,OCCH,OCCH_64
-18.67005237,147.7073453,OCCH,OCCH_65
-18.670052,147.707458,OCCH,OCCH_66
-18.670048,147.70725,OCCH,OCCH_67
-18.67004734,147.7065373,OCCH,OCCH_68
-18.67003838,147.7067799,OCCH,OCCH_69
-18.670037,147.707416,OCCH,OCCH_70
-18.6700367,147.707332,OCCH,OCCH_71
-18.670031,147.707207,OCCH,OCCH_72
-18.670025,147.705901,OCCH,OCCH_73
-18.67002,147.705903,OCCH,OCCH_74
-18.67001826,147.7062945,OCCH,OCCH_75
-18.67001725,147.706292,OCCH,OCCH_76
-18.67000929,147.706307,OCCH,OCCH_77
-18.67000644,147.7067526,OCCH,OCCH_78
-18.67000443,147.706693,OCCH,OCCH_79
-18.670001,147.707458,OCCH,OCCH_80
-18.66999999,147.7067157,OCCH,OCCH_81
-18.66999831,147.7062937,OCCH,OCCH_82
-18.669998,147.707449,OCCH,OCCH_83
-18.669986,147.707448,OCCH,OCCH_84
-18.669977,147.707209,OCCH,OCCH_85
-18.66996872,147.7072862,OCCH,OCCH_86
-18.66996101,147.7068039,OCCH,OCCH_87
-18.669958,147.707242,OCCH,OCCH_88
-18.66995489,147.7072745,OCCH,OCCH_89
-18.669954,147.707641,OCCH,OCCH_90
-18.66994676,147.7061994,OCCH,OCCH_91
-18.669945,147.705881,OCCH,OCCH_92
-18.669945,147.707441,OCCH,OCCH_93
-18.66994,147.705884,OCCH,OCCH_94
-18.66993989,147.7063448,OCCH,OCCH_95
-18.669939,147.705889,OCCH,OCCH_96
-18.669937,147.707434,OCCH,OCCH_97
-18.669934,147.707631,OCCH,OCCH_98
-18.66993377,147.7072742,OCCH,OCCH_99
-18.66993134,147.7061432,OCCH,OCCH_100
-18.66993017,147.7067698,OCCH,OCCH_101
-18.66992002,147.7064399,OCCH,OCCH_102
-18.66991566,147.7068665,OCCH,OCCH_103
-18.669915,147.707647,OCCH,OCCH_104
-18.669904,147.707261,OCCH,OCCH_105
-18.669899,147.707242,OCCH,OCCH_106
-18.669891,147.70765,OCCH,OCCH_107
-18.669885,147.707422,OCCH,OCCH_108
-18.66987417,147.7068563,OCCH,OCCH_109
-18.669861,147.70735,OCCH,OCCH_110
-18.66984459,147.7067902,OCCH,OCCH_111
-18.66983931,147.7060978,OCCH,OCCH_112
-18.66983738,147.7071141,OCCH,OCCH_113
-18.66983403,147.7066355,OCCH,OCCH_114
-18.669833,147.707649,OCCH,OCCH_115
-18.6698207,147.7068951,OCCH,OCCH_116
-18.66981978,147.7066694,OCCH,OCCH_117
-18.66981802,147.7061793,OCCH,OCCH_118
-18.669817,147.707237,OCCH,OCCH_119
-18.66980813,147.7061156,OCCH,OCCH_120
-18.66980729,147.7069033,OCCH,OCCH_121
-18.66979874,147.7068846,OCCH,OCCH_122
-18.669795,147.707243,OCCH,OCCH_123
-18.669792,147.707369,OCCH,OCCH_124
-18.669763,147.70738,OCCH,OCCH_125
-18.669745,147.707357,OCCH,OCCH_126
-18.669731,147.707334,OCCH,OCCH_127
-18.669634,147.706013,OCCH,OCCH_128
-18.669619,147.70699,OCCH,OCCH_129
-18.669605,147.706998,OCCH,OCCH_130
-18.669588,147.706966,OCCH,OCCH_131
-18.669571,147.7069,OCCH,OCCH_132
-18.66948,147.706859,OCCH,OCCH_133
-18.669474,147.706875,OCCH,OCCH_134
-18.669426,147.706876,OCCH,OCCH_135
-18.669365,147.706865,OCCH,OCCH_136
-18.669363,147.70688,OCCH,OCCH_137
-18.669341,147.706728,OCCH,OCCH_138
-18.669297,147.706837,OCCH,OCCH_139
-18.669294,147.706362,OCCH,OCCH_140
-18.669288,147.706917,OCCH,OCCH_141
-18.669281,147.706613,OCCH,OCCH_142
-18.669277,147.706265,OCCH,OCCH_143
-18.669272,147.706599,OCCH,OCCH_144
-18.669263,147.706531,OCCH,OCCH_145
-18.669259,147.706465,OCCH,OCCH_146
-18.669219,147.706159,OCCH,OCCH_147
-18.669165,147.705974,OCCH,OCCH_148
-18.66045,147.70259,OCCH,OCCH_149
-18.66016,147.70297,OCCH,OCCH_150
-18.653034,147.708676,OCCH,OCCH_151
-18.652112,147.718717,OCCH,OCCH_152
-18.653206,147.708533,OCCH_BA1S,OCCH_BA1S_1
-18.653034,147.708676,OCCH_BA1S,OCCH_BA1S_2
-18.653038,147.708644,OCCH_BA1S_P1,OCCH_BA1S_P1_1
-18.653174,147.70855,OCCH_BA1S_P2,OCCH_BA1S_P2_1
-18.653342,147.708605,OCCH_BA1S_P3,OCCH_BA1S_P3_1
-18.653383,147.708433,OCCH_BA1S_P4,OCCH_BA1S_P4_1
-18.660365,147.702675,OCCH_BA2S,OCCH_BA2S_1
-18.66016,147.70297,OCCH_BA2S,OCCH_BA2S_2
-18.660533,147.702401,OCCH_BA2S_P4,OCCH_BA2S_P4_1
-18.652112,147.718717,OCCH_FL1S,OCCH_FL1S_1
-18.83318052,147.6332905,OCDA,OCDA_1
-18.832615,147.6333735,OCDA,OCDA_2
-18.83192685,147.6524971,OCDA,OCDA_3
-18.83180971,147.6525841,OCDA,OCDA_4
-18.83180932,147.6526864,OCDA,OCDA_5
-18.83163711,147.6527145,OCDA,OCDA_6
-18.83160726,147.652827,OCDA,OCDA_7
-18.83150833,147.6528006,OCDA,OCDA_8
-18.82684962,147.6261352,OCDA,OCDA_9
-18.82680771,147.6263729,OCDA,OCDA_10
-18.82678843,147.6264559,OCDA,OCDA_11
-18.82677846,147.6262906,OCDA,OCDA_12
-18.82676974,147.6261748,OCDA,OCDA_13
-18.82676672,147.6262514,OCDA,OCDA_14
-18.82676664,147.6261503,OCDA,OCDA_15
-18.82676035,147.6261725,OCDA,OCDA_16
-18.826729,147.6266147,OCDA,OCDA_17
-18.82672691,147.6265971,OCDA,OCDA_18
-18.82671953,147.6261432,OCDA,OCDA_19
-18.82670411,147.626529,OCDA,OCDA_20
-18.82669237,147.6265441,OCDA,OCDA_21
-18.82668265,147.6265786,OCDA,OCDA_22
-18.8266803,147.6264692,OCDA,OCDA_23
-18.82666832,147.626516,OCDA,OCDA_24
-18.82666279,147.6265107,OCDA,OCDA_25
-18.82664342,147.6265606,OCDA,OCDA_26
-18.82662498,147.6266273,OCDA,OCDA_27
-18.82662272,147.6266278,OCDA,OCDA_28
-18.82661191,147.6266073,OCDA,OCDA_29
-18.82659473,147.626247,OCDA,OCDA_30
-18.82659397,147.6265939,OCDA,OCDA_31
-18.8265876,147.6263021,OCDA,OCDA_32
-18.82655139,147.6263559,OCDA,OCDA_33
-18.82653471,147.6262405,OCDA,OCDA_34
-18.82648459,147.6263522,OCDA,OCDA_35
-18.82646891,147.6262399,OCDA,OCDA_36
-18.82638451,147.6262119,OCDA,OCDA_37
-18.82638115,147.6262713,OCDA,OCDA_38
-18.82631795,147.6263185,OCDA,OCDA_39
-18.82631301,147.6263009,OCDA,OCDA_40
-18.82629801,147.6263906,OCDA,OCDA_41
-18.826015,147.626526,OCDA,OCDA_42
-18.826001,147.626555,OCDA,OCDA_43
-18.82600078,147.6262603,OCDA,OCDA_44
-18.825988,147.62659,OCDA,OCDA_45
-18.825987,147.626538,OCDA,OCDA_46
-18.825978,147.626527,OCDA,OCDA_47
-18.825974,147.626483,OCDA,OCDA_48
-18.825968,147.626451,OCDA,OCDA_49
-18.825964,147.626623,OCDA,OCDA_50
-18.825962,147.626476,OCDA,OCDA_51
-18.825956,147.626479,OCDA,OCDA_52
-18.82594,147.626663,OCDA,OCDA_53
-18.82592,147.626429,OCDA,OCDA_54
-18.825906,147.626386,OCDA,OCDA_55
-18.825902,147.626646,OCDA,OCDA_56
-18.8259,147.62727,OCDA,OCDA_57
-18.825885,147.626673,OCDA,OCDA_58
-18.825883,147.626682,OCDA,OCDA_59
-18.825882,147.626386,OCDA,OCDA_60
-18.825879,147.626661,OCDA,OCDA_61
-18.825875,147.62662,OCDA,OCDA_62
-18.825873,147.62664,OCDA,OCDA_63
-18.825871,147.626419,OCDA,OCDA_64
-18.825865,147.626609,OCDA,OCDA_65
-18.825859,147.626415,OCDA,OCDA_66
-18.82579694,147.6264594,OCDA,OCDA_67
-18.82579,147.626481,OCDA,OCDA_68
-18.82577,147.626469,OCDA,OCDA_69
-18.82576995,147.6264861,OCDA,OCDA_70
-18.825767,147.62643,OCDA,OCDA_71
-18.825762,147.626444,OCDA,OCDA_72
-18.825755,147.626447,OCDA,OCDA_73
-18.82570289,147.6265722,OCDA,OCDA_74
-18.825689,147.626434,OCDA,OCDA_75
-18.82567716,147.6272135,OCDA,OCDA_76
-18.82567682,147.6264331,OCDA,OCDA_77
-18.82565117,147.6266666,OCDA,OCDA_78
-18.82562092,147.6266302,OCDA,OCDA_79
-18.82562,147.626455,OCDA,OCDA_80
-18.82561999,147.6266616,OCDA,OCDA_81
-18.825615,147.626457,OCDA,OCDA_82
-18.82559761,147.6266398,OCDA,OCDA_83
-18.825596,147.626534,OCDA,OCDA_84
-18.8255599,147.6266382,OCDA,OCDA_85
-18.82554523,147.626808,OCDA,OCDA_86
-18.82553106,147.6267352,OCDA,OCDA_87
-18.82552419,147.6267356,OCDA,OCDA_88
-18.82551405,147.6264275,OCDA,OCDA_89
-18.82550684,147.6264477,OCDA,OCDA_90
-18.825503,147.626439,OCDA,OCDA_91
-18.82549762,147.62691709999999,OCDA,OCDA_92
-18.825492,147.62644,OCDA,OCDA_93
-18.82549116,147.6267391,OCDA,OCDA_94
-18.82548773,147.6265585,OCDA,OCDA_95
-18.82548689,147.6265579,OCDA,OCDA_96
-18.825484,147.626413,OCDA,OCDA_97
-18.82548119,147.6268675,OCDA,OCDA_98
-18.825474,147.626425,OCDA,OCDA_99
-18.82547365,147.6265724,OCDA,OCDA_100
-18.825469,147.626454,OCDA,OCDA_101
-18.82546484,147.6268599,OCDA,OCDA_102
-18.82545881,147.6267491,OCDA,OCDA_103
-18.8254578,147.6264787,OCDA,OCDA_104
-18.82545504,147.6265292,OCDA,OCDA_105
-18.825455,147.626416,OCDA,OCDA_106
-18.82545336,147.6268257,OCDA,OCDA_107
-18.82544867,147.6267423,OCDA,OCDA_108
-18.82544758,147.6268708,OCDA,OCDA_109
-18.825446,147.626433,OCDA,OCDA_110
-18.825442,147.626479,OCDA,OCDA_111
-18.825441,147.626639,OCDA,OCDA_112
-18.82543249,147.6266186,OCDA,OCDA_113
-18.8254314,147.6267185,OCDA,OCDA_114
-18.82540433,147.6267076,OCDA,OCDA_115
-18.82540223,147.6267524,OCDA,OCDA_116
-18.8254,147.626624,OCDA,OCDA_117
-18.825385,147.62658,OCDA,OCDA_118
-18.82538228,147.6267284,OCDA,OCDA_119
-18.8253822,147.6267019,OCDA,OCDA_120
-18.825382,147.626606,OCDA,OCDA_121
-18.82537415,147.626795,OCDA,OCDA_122
-18.825365,147.626494,OCDA,OCDA_123
-18.825355,147.626527,OCDA,OCDA_124
-18.825317,147.626702,OCDA,OCDA_125
-18.825315,147.626725,OCDA,OCDA_126
-18.825289,147.626655,OCDA,OCDA_127
-18.82526527,147.6269275,OCDA,OCDA_128
-18.825247,147.626596,OCDA,OCDA_129
-18.82521741,147.626934,OCDA,OCDA_130
-18.825202,147.626635,OCDA,OCDA_131
-18.825193,147.626659,OCDA,OCDA_132
-18.82517776,147.6269794,OCDA,OCDA_133
-18.82517148,147.6270664,OCDA,OCDA_134
-18.81968177,147.663926,OCDA,OCDA_135
-18.81961901,147.6637135,OCDA,OCDA_136
-18.8194875,147.663784,OCDA,OCDA_137
-18.81938248,147.663904,OCDA,OCDA_138
-18.819375,147.664025,OCDA,OCDA_139
-18.81929652,147.6639395,OCDA,OCDA_140
-18.819265,147.66417,OCDA,OCDA_141
-18.81925,147.66413,OCDA,OCDA_142
-18.8192,147.66391,OCDA,OCDA_143
-18.81449451,147.637185,OCDA,OCDA_144
-18.81448,147.6372,OCDA,OCDA_145
-18.81445,147.63709,OCDA,OCDA_146
-18.81441,147.63697,OCDA,OCDA_147
-18.814315,147.6369,OCDA,OCDA_148
-18.805915,147.668855,OCDA,OCDA_149
-18.805735,147.66876,OCDA,OCDA_150
-18.80573,147.66856,OCDA,OCDA_151
-18.80563,147.66845,OCDA,OCDA_152
-18.805595,147.66861,OCDA,OCDA_153
-18.805575,147.66835,OCDA,OCDA_154
-18.82579,147.62735,OCDA_BA1D,OCDA_BA1D_1
-18.82578,147.627365,OCDA_BA1D_P3,OCDA_BA1D_P3_1
-18.8259,147.62727,OCDA_BA1S,OCDA_BA1S_1
-18.8259,147.62727,OCDA_BA1S_P1,OCDA_BA1S_P1_1
-18.8259,147.62727,OCDA_BA1S_P2,OCDA_BA1S_P2_1
-18.8259,147.62727,OCDA_BA1S_P3,OCDA_BA1S_P3_1
-18.814495,147.637185,OCDA_BA2S_P1,OCDA_BA2S_P1_1
-18.80592,147.6688,OCDA_FL1D,OCDA_FL1D_1
-18.805915,147.668855,OCDA_FL1D_P1,OCDA_FL1D_P1_1
-18.80575,147.6686,OCDA_FL1S,OCDA_FL1S_1
-18.805835,147.66868,OCDA_FL1S_P1,OCDA_FL1S_P1_1
-18.805575,147.66835,OCDA_FL1S_P4,OCDA_FL1S_P4_1
-18.81966,147.66394,OCDA_FR1D,OCDA_FR1D_1
-18.819682,147.663926,OCDA_FR1D_P1,OCDA_FR1D_P1_1
-18.8192,147.66391,OCDA_FR1S,OCDA_FR1S_1
-18.819619,147.663714,OCDA_FR1S_P1,OCDA_FR1S_P1_1
-18.819488,147.663784,OCDA_FR1S_P2,OCDA_FR1S_P2_1
-18.83191,147.65257,OCDA_FR2D,OCDA_FR2D_1
-18.83187,147.6525,OCDA_FR2S,OCDA_FR2S_1
-18.831927,147.652497,OCDA_FR2S_P1,OCDA_FR2S_P1_1
-18.831637,147.652715,OCDA_FR2S_P3,OCDA_FR2S_P3_1
-18.833,147.63338,OCDA_LA1S,OCDA_LA1S_1
-18.832909,147.633422,OCDA_LA1S_P2,OCDA_LA1S_P2_1
-18.833181,147.633291,OCDA_LA1S_P4,OCDA_LA1S_P4_1
-18.83125,147.63316,OCDA_LA2S,OCDA_LA2S_1
-18.949567,147.6928,OCLB,OCLB_1
-18.949409,147.701664,OCLB,OCLB_2
-18.949407,147.692884,OCLB,OCLB_3
-18.949405,147.7016985,OCLB,OCLB_4
-18.9493795,147.701859,OCLB,OCLB_5
-18.949362,147.7021085,OCLB,OCLB_6
-18.949138,147.6930675,OCLB,OCLB_7
-18.949114,147.693065,OCLB,OCLB_8
-18.944082,147.699448,OCLB,OCLB_9
-18.9440645,147.699442,OCLB,OCLB_10
-18.944012,147.699129,OCLB,OCLB_11
-18.943966,147.699309,OCLB,OCLB_12
-18.9439165,147.699257,OCLB,OCLB_13
-18.949348,147.692927,OCLB_BA1S,OCLB_BA1S_1
-18.949114,147.693065,OCLB_BA1S,OCLB_BA1S_2
-18.949138,147.693068,OCLB_BA1S_P1,OCLB_BA1S_P1_1
-18.949567,147.6928,OCLB_BA1S_P4,OCLB_BA1S_P4_1
-18.944062,147.699285,OCLB_FL1S,OCLB_FL1S_1
-18.944065,147.699442,OCLB_FL1S_P1,OCLB_FL1S_P1_1
-18.943917,147.699257,OCLB_FL1S_P3,OCLB_FL1S_P3_1
-18.949382,147.701909,OCLB_LA1S,OCLB_LA1S_1
-14.698135,145.445475,ONLI,ONLI_1
-14.6980975,145.445447,ONLI,ONLI_2
-14.691274,145.46938,ONLI,ONLI_3
-14.686861,145.454972,ONLI,ONLI_4
-14.685111,145.466972,ONLI,ONLI_5
-14.684389,145.44,ONLI,ONLI_6
-14.6835,145.450361,ONLI,ONLI_7
-14.679194,145.443583,ONLI,ONLI_8
-14.658139,145.451583,ONLI,ONLI_9
-14.649549,145.493068,ONLI,ONLI_10
-14.650714,145.450096,ONLI_BA1S_P1,ONLI_BA1S_P1_1
-14.650714,145.450096,ONLI_BA1S_P3,ONLI_BA1S_P3_1
-14.667794,145.441894,ONLI_BA2S,ONLI_BA2S_1
-14.698098,145.445447,ONLI_FL1S,ONLI_FL1S_1
-14.6980975,145.445447,ONLI_FL1S,ONLI_FL1S_2
-14.691274,145.46938,ONLI_FR1S,ONLI_FR1S_1
-14.69179,145.469116,ONLI_FR1S_P1,ONLI_FR1S_P1_1
-14.691434,145.469348,ONLI_FR1S_P2,ONLI_FR1S_P2_1
-14.691301,145.469412,ONLI_FR1S_P3,ONLI_FR1S_P3_1
-14.691127,145.469436,ONLI_FR1S_P4,ONLI_FR1S_P4_1
-14.649439,145.492935,ONLI_FR2S,ONLI_FR2S_1
-14.649595,145.493099,ONLI_FR2S_P1,ONLI_FR2S_P1_1
-14.649549,145.493068,ONLI_FR2S_P2,ONLI_FR2S_P2_1
-14.649456,145.492929,ONLI_FR2S_P3,ONLI_FR2S_P3_1
-14.649287,145.492785,ONLI_FR2S_P4,ONLI_FR2S_P4_1
-14.687707,145.465276,ONLI_LA1S,ONLI_LA1S_1
-16.888691,146.186604,ONMO,ONMO_1
-16.888634,146.186724,ONMO,ONMO_2
-16.888619,146.18648,ONMO,ONMO_3
-16.888576,146.186712,ONMO,ONMO_4
-16.888504,146.186709,ONMO,ONMO_5
-16.888025,146.186689,ONMO,ONMO_6
-16.887992,146.186714,ONMO,ONMO_7
-16.88796,146.186712,ONMO,ONMO_8
-16.887908,146.186996,ONMO,ONMO_9
-16.887904,146.186963,ONMO,ONMO_10
-16.887888,146.186621,ONMO,ONMO_11
-16.887853,146.186962,ONMO,ONMO_12
-16.887851,146.18693,ONMO,ONMO_13
-16.887814,146.186658,ONMO,ONMO_14
-16.887789,146.186643,ONMO,ONMO_15
-16.887784,146.186952,ONMO,ONMO_16
-16.887768,146.186918,ONMO,ONMO_17
-16.887755,146.186773,ONMO,ONMO_18
-16.887728,146.186711,ONMO,ONMO_19
-16.887726,146.186674,ONMO,ONMO_20
-16.887721,146.186724,ONMO,ONMO_21
-16.887708,146.18684,ONMO,ONMO_22
-16.887695,146.186919,ONMO,ONMO_23
-16.887684,146.186945,ONMO,ONMO_24
-16.887678,146.186839,ONMO,ONMO_25
-16.887675,146.186921,ONMO,ONMO_26
-16.887667,146.186835,ONMO,ONMO_27
-16.887664,146.186789,ONMO,ONMO_28
-16.887656,146.186789,ONMO,ONMO_29
-16.887643,146.186928,ONMO,ONMO_30
-16.887611,146.186684,ONMO,ONMO_31
-16.887565,146.186765,ONMO,ONMO_32
-16.887564,146.186759,ONMO,ONMO_33
-16.887557,146.18677,ONMO,ONMO_34
-16.88752273,146.1866499,ONMO,ONMO_35
-16.887427,146.186642,ONMO,ONMO_36
-16.887406,146.186893,ONMO,ONMO_37
-16.887387,146.186877,ONMO,ONMO_38
-16.887334,146.187053,ONMO,ONMO_39
-16.887332,146.186948,ONMO,ONMO_40
-16.887328,146.187033,ONMO,ONMO_41
-16.887322,146.18706,ONMO,ONMO_42
-16.887314,146.187,ONMO,ONMO_43
-16.887312,146.187022,ONMO,ONMO_44
-16.8873048,146.1867191,ONMO,ONMO_45
-16.88729684,146.1867177,ONMO,ONMO_46
-16.88725,146.187073,ONMO,ONMO_47
-16.88719961,146.1867844,ONMO,ONMO_48
-16.88717522,146.18682,ONMO,ONMO_49
-16.88715862,146.1867595,ONMO,ONMO_50
-16.88713859,146.1868197,ONMO,ONMO_51
-16.88713633,146.1868452,ONMO,ONMO_52
-16.88712954,146.1867041,ONMO,ONMO_53
-16.88712358,146.1876127,ONMO,ONMO_54
-16.88710154,146.1869212,ONMO,ONMO_55
-16.88708293,146.1873953,ONMO,ONMO_56
-16.88708201,146.1875522,ONMO,ONMO_57
-16.88707992,146.187506,ONMO,ONMO_58
-16.88706458,146.1874327,ONMO,ONMO_59
-16.88705242,146.1871738,ONMO,ONMO_60
-16.88703055,146.1870227,ONMO,ONMO_61
-16.88702703,146.1870745,ONMO,ONMO_62
-16.88702459,146.187105,ONMO,ONMO_63
-16.8870168,146.1872321,ONMO,ONMO_64
-16.8870163,146.187056,ONMO,ONMO_65
-16.88700205,146.1871415,ONMO,ONMO_66
-16.882674,146.244602,ONMO,ONMO_67
-16.8820015,146.183993,ONMO,ONMO_68
-16.872041,146.2536145,ONMO,ONMO_69
-16.8599555,146.225459,ONMO,ONMO_70
-16.8599545,146.2257745,ONMO,ONMO_71
-16.8598625,146.2258965,ONMO,ONMO_72
-16.859841,146.2256785,ONMO,ONMO_73
-16.8597595,146.225918,ONMO,ONMO_74
-16.8472105,146.217424,ONMO,ONMO_75
-16.84633532,146.2325081,ONMO,ONMO_76
-16.84620959,146.2323926,ONMO,ONMO_77
-16.84617732,146.2323427,ONMO,ONMO_78
-16.8461603,146.2324806,ONMO,ONMO_79
-16.84615687,146.2323497,ONMO,ONMO_80
-16.84614069,146.2324395,ONMO,ONMO_81
-16.84611445,146.2324581,ONMO,ONMO_82
-16.84608562,146.2323827,ONMO,ONMO_83
-16.84608294,146.2323796,ONMO,ONMO_84
-16.84608151,146.2322638,ONMO,ONMO_85
-16.84608109,146.2323077,ONMO,ONMO_86
-16.84607984,146.2324584,ONMO,ONMO_87
-16.84606383,146.232218,ONMO,ONMO_88
-16.84606014,146.2323114,ONMO,ONMO_89
-16.84605125,146.2322283,ONMO,ONMO_90
-16.84605,146.2322977,ONMO,ONMO_91
-16.84604002,146.2321926,ONMO,ONMO_92
-16.84601814,146.2321845,ONMO,ONMO_93
-16.84601806,146.2321974,ONMO,ONMO_94
-16.84601295,146.2321752,ONMO,ONMO_95
-16.84600146,146.2321551,ONMO,ONMO_96
-16.84599945,146.2317839,ONMO,ONMO_97
-16.84599828,146.2321704,ONMO,ONMO_98
-16.84599811,146.2321678,ONMO,ONMO_99
-16.84598579,146.2318663,ONMO,ONMO_100
-16.84597112,146.2317756,ONMO,ONMO_101
-16.84596844,146.2317637,ONMO,ONMO_102
-16.84595168,146.232164,ONMO,ONMO_103
-16.84593684,146.2318091,ONMO,ONMO_104
-16.84593349,146.2321319,ONMO,ONMO_105
-16.84591463,146.2317948,ONMO,ONMO_106
-16.8458951,146.2317456,ONMO,ONMO_107
-16.84588705,146.2321108,ONMO,ONMO_108
-16.84588412,146.2317524,ONMO,ONMO_109
-16.84587733,146.2321133,ONMO,ONMO_110
-16.84586274,146.2320855,ONMO,ONMO_111
-16.84586191,146.2317218,ONMO,ONMO_112
-16.84586082,146.2317249,ONMO,ONMO_113
-16.84586082,146.2317608,ONMO,ONMO_114
-16.84585897,146.2317615,ONMO,ONMO_115
-16.84585864,146.231786,ONMO,ONMO_116
-16.84584288,146.2320987,ONMO,ONMO_117
-16.84583961,146.2325236,ONMO,ONMO_118
-16.8458288,146.231748,ONMO,ONMO_119
-16.84582846,146.2317312,ONMO,ONMO_120
-16.8458257,146.231733,ONMO,ONMO_121
-16.84581287,146.2317432,ONMO,ONMO_122
-16.84581086,146.2316883,ONMO,ONMO_123
-16.84580047,146.2316832,ONMO,ONMO_124
-16.84578077,146.2316703,ONMO,ONMO_125
-16.84574883,146.2317189,ONMO,ONMO_126
-16.84574523,146.2322137,ONMO,ONMO_127
-16.84574506,146.2316953,ONMO,ONMO_128
-16.84574473,146.2316865,ONMO,ONMO_129
-16.84574246,146.2320411,ONMO,ONMO_130
-16.8457278,146.2324599,ONMO,ONMO_131
-16.84572528,146.2316915,ONMO,ONMO_132
-16.84571883,146.2317389,ONMO,ONMO_133
-16.84571799,146.2316679,ONMO,ONMO_134
-16.8457081,146.2323693,ONMO,ONMO_135
-16.84569184,146.2316815,ONMO,ONMO_136
-16.84568765,146.2316663,ONMO,ONMO_137
-16.84567776,146.2316621,ONMO,ONMO_138
-16.8456656,146.2316663,ONMO,ONMO_139
-16.84565856,146.2316635,ONMO,ONMO_140
-16.847173,146.217432,ONMO_BA1D,ONMO_BA1D_1
-16.8472105,146.217424,ONMO_BA1S,ONMO_BA1S_1
-16.881947,146.18378,ONMO_BA2D,ONMO_BA2D_1
-16.882002,146.183993,ONMO_BA2S,ONMO_BA2S_1
-16.8820015,146.183993,ONMO_BA2S,ONMO_BA2S_2
-16.8485425,146.237223,ONMO_FL1S,ONMO_FL1S_1
-16.872083,146.25367,ONMO_FR1D,ONMO_FR1D_1
-16.872041,146.253615,ONMO_FR1S,ONMO_FR1S_1
-16.883036,146.244797,ONMO_FR2D,ONMO_FR2D_1
-16.882674,146.244602,ONMO_FR2S,ONMO_FR2S_1
-16.859925,146.225746,ONMO_LA1D,ONMO_LA1D_1
-16.859841,146.225679,ONMO_LA1S,ONMO_LA1S_1
-18.5722065,146.4953325,PAOR,PAOR_1
-18.5720195,146.495155,PAOR,PAOR_2
-18.57187,146.495043,PAOR,PAOR_3
-18.57151,146.49538,PAOR_FL1D,PAOR_FL1D_1
-18.5720195,146.495155,PAPE,PAPE_1
-18.55998063,146.5013112,PAPE,PAPE_2
-18.55987846,146.5013549,PAPE,PAPE_3
-18.55982875,146.5014096,PAPE,PAPE_4
-18.55978441,146.5015324,PAPE,PAPE_5
-18.55971375,146.5021954,PAPE,PAPE_6
-18.55969423,146.502187,PAPE,PAPE_7
-18.55969079,146.5021845,PAPE,PAPE_8
-18.55968257,146.5015261,PAPE,PAPE_9
-18.55966162,146.5021779,PAPE,PAPE_10
-18.55961669,146.5021827,PAPE,PAPE_11
-18.55954721,146.5022098,PAPE,PAPE_12
-18.55953748,146.5022144,PAPE,PAPE_13
-18.55950085,146.5022298,PAPE,PAPE_14
-18.55949331,146.5022597,PAPE,PAPE_15
-18.55946657,146.5017308,PAPE,PAPE_16
-18.559454,146.5017586,PAPE,PAPE_17
-18.55944637,146.5022736,PAPE,PAPE_18
-18.55944352,146.5022779,PAPE,PAPE_19
-18.55944042,146.5022716,PAPE,PAPE_20
-18.55943992,146.5022733,PAPE,PAPE_21
-18.55943514,146.5022958,PAPE,PAPE_22
-18.55941603,146.5017588,PAPE,PAPE_23
-18.55940606,146.5017665,PAPE,PAPE_24
-18.55940052,146.5017839,PAPE,PAPE_25
-18.5593996,146.5017904,PAPE,PAPE_26
-18.55939709,146.5023489,PAPE,PAPE_27
-18.55939474,146.5022841,PAPE,PAPE_28
-18.55939055,146.5022184,PAPE,PAPE_29
-18.5593882,146.50239,PAPE,PAPE_30
-18.55938133,146.5024063,PAPE,PAPE_31
-18.55937672,146.5022116,PAPE,PAPE_32
-18.55936046,146.5022084,PAPE,PAPE_33
-18.55936037,146.50221,PAPE,PAPE_34
-18.559353,146.5024204,PAPE,PAPE_35
-18.55934755,146.5024037,PAPE,PAPE_36
-18.55934688,146.5024284,PAPE,PAPE_37
-18.55930715,146.5022261,PAPE,PAPE_38
-18.5592991,146.5022635,PAPE,PAPE_39
-18.5592986,146.5024177,PAPE,PAPE_40
-18.55928293,146.5022094,PAPE,PAPE_41
-18.55926105,146.5023082,PAPE,PAPE_42
-18.55925652,146.5022638,PAPE,PAPE_43
-18.55925418,146.5023385,PAPE,PAPE_44
-18.55924688,146.5023401,PAPE,PAPE_45
-18.55924261,146.5023675,PAPE,PAPE_46
-18.5592406,146.502305,PAPE,PAPE_47
-18.55923951,146.5022608,PAPE,PAPE_48
-18.55923666,146.5022449,PAPE,PAPE_49
-18.55923406,146.502259,PAPE,PAPE_50
-18.55923238,146.5023721,PAPE,PAPE_51
-18.5592323,146.5023747,PAPE,PAPE_52
-18.55922735,146.5022124,PAPE,PAPE_53
-18.55921394,146.5022047,PAPE,PAPE_54
-18.55921285,146.5021914,PAPE,PAPE_55
-18.55920967,146.5023961,PAPE,PAPE_56
-18.55920556,146.5024016,PAPE,PAPE_57
-18.55920154,146.5023737,PAPE,PAPE_58
-18.55919617,146.5022861,PAPE,PAPE_59
-18.55918997,146.5023602,PAPE,PAPE_60
-18.55918628,146.5022991,PAPE,PAPE_61
-18.55916575,146.5023315,PAPE,PAPE_62
-18.55916181,146.5024404,PAPE,PAPE_63
-18.55914177,146.5022074,PAPE,PAPE_64
-18.55912434,146.5022438,PAPE,PAPE_65
-18.55911973,146.5024784,PAPE,PAPE_66
-18.55911965,146.5023042,PAPE,PAPE_67
-18.55911772,146.5024799,PAPE,PAPE_68
-18.55909986,146.502398,PAPE,PAPE_69
-18.55908905,146.5023505,PAPE,PAPE_70
-18.55885134,146.5023373,PAPE,PAPE_71
-18.55884857,146.5023281,PAPE,PAPE_72
-18.55869208,146.5023038,PAPE,PAPE_73
-18.55867985,146.502264,PAPE,PAPE_74
-18.558624,146.502464,PAPE,PAPE_75
-18.558621,146.502593,PAPE,PAPE_76
-18.558617,146.502553,PAPE,PAPE_77
-18.558614,146.502525,PAPE,PAPE_78
-18.558606,146.502556,PAPE,PAPE_79
-18.55858387,146.5024405,PAPE,PAPE_80
-18.558564,146.502705,PAPE,PAPE_81
-18.55855018,146.5024511,PAPE,PAPE_82
-18.558531,146.502626,PAPE,PAPE_83
-18.558519,146.502621,PAPE,PAPE_84
-18.558513,146.502739,PAPE,PAPE_85
-18.55849863,146.5025097,PAPE,PAPE_86
-18.558491,146.502692,PAPE,PAPE_87
-18.55848681,146.5025548,PAPE,PAPE_88
-18.558465,146.502773,PAPE,PAPE_89
-18.558463,146.502588,PAPE,PAPE_90
-18.558462,146.5025805,PAPE,PAPE_91
-18.55845982,146.50255,PAPE,PAPE_92
-18.558459,146.502608,PAPE,PAPE_93
-18.558457,146.502575,PAPE,PAPE_94
-18.558456,146.502636,PAPE,PAPE_95
-18.558438,146.502713,PAPE,PAPE_96
-18.558428,146.502587,PAPE,PAPE_97
-18.558395,146.502826,PAPE,PAPE_98
-18.558388,146.50272,PAPE,PAPE_99
-18.558363,146.502723,PAPE,PAPE_100
-18.55832102,146.5026978,PAPE,PAPE_101
-18.558304,146.50286,PAPE,PAPE_102
-18.55828,146.502901,PAPE,PAPE_103
-18.558277,146.502732,PAPE,PAPE_104
-18.558277,146.502918,PAPE,PAPE_105
-18.558242,146.502773,PAPE,PAPE_106
-18.558205,146.502776,PAPE,PAPE_107
-18.558192,146.502851,PAPE,PAPE_108
-18.558177,146.50289,PAPE,PAPE_109
-18.558152,146.502875,PAPE,PAPE_110
-18.558144,146.502875,PAPE,PAPE_111
-18.558131,146.502866,PAPE,PAPE_112
-18.558121,146.502765,PAPE,PAPE_113
-18.558121,146.502804,PAPE,PAPE_114
-18.55812,146.502789,PAPE,PAPE_115
-18.558089,146.502868,PAPE,PAPE_116
-18.558087,146.502789,PAPE,PAPE_117
-18.558072,146.502821,PAPE,PAPE_118
-18.558072,146.50284,PAPE,PAPE_119
-18.558024,146.502864,PAPE,PAPE_120
-18.558021,146.502882,PAPE,PAPE_121
-18.558016,146.502857,PAPE,PAPE_122
-18.558011,146.502738,PAPE,PAPE_123
-18.557986,146.502852,PAPE,PAPE_124
-18.557973,146.502883,PAPE,PAPE_125
-18.557895,146.502864,PAPE,PAPE_126
-18.55784182,146.5029394,PAPE,PAPE_127
-18.5577974,146.5031428,PAPE,PAPE_128
-18.55778474,146.5030888,PAPE,PAPE_129
-18.5577798,146.5031201,PAPE,PAPE_130
-18.55773889,146.5030962,PAPE,PAPE_131
-18.55767318,146.5030875,PAPE,PAPE_132
-18.55761258,146.5031081,PAPE,PAPE_133
-18.55757117,146.5032075,PAPE,PAPE_134
-18.55753513,146.5031803,PAPE,PAPE_135
-18.550977,146.488431,PAPE,PAPE_136
-18.550857,146.4884365,PAPE,PAPE_137
-18.55071,146.488428,PAPE,PAPE_138
-18.5505295,146.4884325,PAPE,PAPE_139
-18.54116213,146.4886241,PAPE,PAPE_140
-18.54103498,146.4886175,PAPE,PAPE_141
-18.54093586,146.4886141,PAPE,PAPE_142
-18.54077403,146.4886517,PAPE,PAPE_143
-18.539644,146.498876,PAPE,PAPE_144
-18.539612,146.499036,PAPE,PAPE_145
-18.5396,146.4991715,PAPE,PAPE_146
-18.53959533,146.4993701,PAPE,PAPE_147
-18.55054,146.48822,PAPE_BA1D,PAPE_BA1D_1
-18.54083,146.48846,PAPE_BA2D,PAPE_BA2D_1
-18.54103,146.48862,PAPE_BA2S,PAPE_BA2S_1
-18.53935,146.4995,PAPE_FR1D,PAPE_FR1D_1
-16.07640588,145.8443873,STCR,STCR_1
-16.07636103,145.8443809,STCR,STCR_2
-16.07631653,145.8443162,STCR,STCR_3
-16.07631334,145.8442533,STCR,STCR_4
-16.07631133,145.8443068,STCR,STCR_5
-16.07627076,145.8442035,STCR,STCR_6
-16.07624419,145.8441539,STCR,STCR_7
-16.07621293,145.8440749,STCR,STCR_8
-16.07618736,145.8440417,STCR,STCR_9
-16.076182,145.8440576,STCR,STCR_10
-16.07617152,145.8441189,STCR,STCR_11
-16.07612902,145.8438706,STCR,STCR_12
-16.0761286,145.8439098,STCR,STCR_13
-16.0761141,145.8439914,STCR,STCR_14
-16.07610865,145.8438642,STCR,STCR_15
-16.07609491,145.8440121,STCR,STCR_16
-16.07607957,145.8437898,STCR,STCR_17
-16.0760338,145.8437416,STCR,STCR_18
-16.07591822,145.8437028,STCR,STCR_19
-16.07591813,145.8437028,STCR,STCR_20
-16.07587949,145.8436976,STCR,STCR_21
-16.07586374,145.8436797,STCR,STCR_22
-16.07583197,145.843667,STCR,STCR_23
-16.07579945,145.8423555,STCR,STCR_24
-16.0757971,145.843662,STCR,STCR_25
-16.07577011,145.8436823,STCR,STCR_26
-16.07574991,145.8437014,STCR,STCR_27
-16.07574848,145.8436793,STCR,STCR_28
-16.07574706,145.8437184,STCR,STCR_29
-16.07567003,145.8436859,STCR,STCR_30
-16.07559535,145.8436496,STCR,STCR_31
-16.07557825,145.8436105,STCR,STCR_32
-16.07550524,145.8436516,STCR,STCR_33
-16.07546216,145.8436678,STCR,STCR_34
-16.07543265,145.8436195,STCR,STCR_35
-16.07540357,145.8436417,STCR,STCR_36
-16.075396,145.844331,STCR,STCR_37
-16.075394,145.84435,STCR,STCR_38
-16.075392,145.844314,STCR,STCR_39
-16.075359,145.844379,STCR,STCR_40
-16.075355,145.844308,STCR,STCR_41
-16.075353,145.844284,STCR,STCR_42
-16.07533853,145.8436532,STCR,STCR_43
-16.07533702,145.8442658,STCR,STCR_44
-16.075321,145.844441,STCR,STCR_45
-16.075311,145.844421,STCR,STCR_46
-16.07530475,145.8442474,STCR,STCR_47
-16.075291,145.844421,STCR,STCR_48
-16.075287,145.844367,STCR,STCR_49
-16.075279,145.844342,STCR,STCR_50
-16.075277,145.844403,STCR,STCR_51
-16.075276,145.844343,STCR,STCR_52
-16.07527298,145.8437271,STCR,STCR_53
-16.075261,145.844333,STCR,STCR_54
-16.075257,145.84445,STCR,STCR_55
-16.075254,145.844307,STCR,STCR_56
-16.07525286,145.8442596,STCR,STCR_57
-16.07525,145.844471,STCR,STCR_58
-16.07525,145.844473,STCR,STCR_59
-16.075248,145.84441,STCR,STCR_60
-16.075242,145.844347,STCR,STCR_61
-16.075232,145.844359,STCR,STCR_62
-16.07523,145.844334,STCR,STCR_63
-16.07523,145.844479,STCR,STCR_64
-16.07522856,145.8441226,STCR,STCR_65
-16.07522378,145.8441445,STCR,STCR_66
-16.07522026,145.8441218,STCR,STCR_67
-16.07521967,145.8438067,STCR,STCR_68
-16.075214,145.844475,STCR,STCR_69
-16.07521188,145.8442125,STCR,STCR_70
-16.0752,145.844456,STCR,STCR_71
-16.075199,145.844456,STCR,STCR_72
-16.07519796,145.8441032,STCR,STCR_73
-16.075197,145.844442,STCR,STCR_74
-16.07519654,145.8441776,STCR,STCR_75
-16.07519578,145.8439338,STCR,STCR_76
-16.07518681,145.8439535,STCR,STCR_77
-16.07517382,145.8440667,STCR,STCR_78
-16.075139,145.844392,STCR,STCR_79
-16.075131,145.844398,STCR,STCR_80
-16.07512772,145.8440568,STCR,STCR_81
-16.075125,145.844392,STCR,STCR_82
-16.07511926,145.8440153,STCR,STCR_83
-16.07511,145.844413,STCR,STCR_84
-16.07510316,145.8441824,STCR,STCR_85
-16.075094,145.844439,STCR,STCR_86
-16.075092,145.844421,STCR,STCR_87
-16.075083,145.844422,STCR,STCR_88
-16.07507,145.844414,STCR,STCR_89
-16.075047,145.844359,STCR,STCR_90
-16.075046,145.844377,STCR,STCR_91
-16.075025,145.844333,STCR,STCR_92
-16.07501498,145.8441398,STCR,STCR_93
-16.075005,145.844256,STCR,STCR_94
-16.074997,145.844294,STCR,STCR_95
-16.07499252,145.8441873,STCR,STCR_96
-16.07498774,145.8442169,STCR,STCR_97
-16.0749688,145.8440976,STCR,STCR_98
-16.07496494,145.8441883,STCR,STCR_99
-16.07495463,145.8441315,STCR,STCR_100
-16.07494969,145.8440949,STCR,STCR_101
-16.0748859,145.84305320000001,STCR,STCR_102
-16.0740829,145.844343,STCR,STCR_103
-16.073932,145.8440081,STCR,STCR_104
-16.073917,145.8440104,STCR,STCR_105
-16.07385367,145.8435996,STCR,STCR_106
-16.07385091,145.843494,STCR,STCR_107
-16.07384898,145.8432433,STCR,STCR_108
-16.07383749,145.8432769,STCR,STCR_109
-16.07383104,145.8430894,STCR,STCR_110
-16.07382576,145.8436393,STCR,STCR_111
-16.07381587,145.8434483,STCR,STCR_112
-16.07381579,145.8432878,STCR,STCR_113
-16.07379416,145.8432,STCR,STCR_114
-16.07378569,145.8432073,STCR,STCR_115
-16.0737839,145.8439742,STCR,STCR_116
-16.07370087,145.8431521,STCR,STCR_117
-16.07367841,145.8431075,STCR,STCR_118
-16.07365284,145.8430915,STCR,STCR_119
-16.0736111,145.8430347,STCR,STCR_120
-16.07355176,145.8429891,STCR,STCR_121
-16.07351429,145.8430737,STCR,STCR_122
-16.07349828,145.8430294,STCR,STCR_123
-16.07348596,145.8428662,STCR,STCR_124
-16.07340641,145.8430096,STCR,STCR_125
-16.07330273,145.8429848,STCR,STCR_126
-16.07324783,145.8429452,STCR,STCR_127
-16.07324188,145.8429434,STCR,STCR_128
-16.07321673,145.8429342,STCR,STCR_129
-16.07319318,145.8429512,STCR,STCR_130
-16.07317641,145.8430138,STCR,STCR_131
-16.07310374,145.843032,STCR,STCR_132
-16.07305228,145.8431096,STCR,STCR_133
-16.07304591,145.84301489999999,STCR,STCR_134
-16.07300442,145.8431185,STCR,STCR_135
-16.0729821,145.8441059,STCR,STCR_136
-16.0729762,145.8439944,STCR,STCR_137
-16.0729572,145.8439105,STCR,STCR_138
-16.0729332,145.8435142,STCR,STCR_139
-16.07293317,145.8435142,STCR,STCR_140
-16.072918,145.843817,STCR,STCR_141
-16.072912,145.843939,STCR,STCR_142
-16.072911,145.843722,STCR,STCR_143
-16.072899,145.843973,STCR,STCR_144
-16.072892,145.844005,STCR,STCR_145
-16.072889,145.843762,STCR,STCR_146
-16.072888,145.84383,STCR,STCR_147
-16.072887,145.843795,STCR,STCR_148
-16.072886,145.843642,STCR,STCR_149
-16.07288514,145.8432222,STCR,STCR_150
-16.072879,145.84386,STCR,STCR_151
-16.072878,145.843691,STCR,STCR_152
-16.072872,145.843927,STCR,STCR_153
-16.072851,145.843767,STCR,STCR_154
-16.072831,145.84419,STCR,STCR_155
-16.072796,145.844061,STCR,STCR_156
-16.072792,145.84421,STCR,STCR_157
-16.072776,145.844206,STCR,STCR_158
-16.072758,145.843531,STCR,STCR_159
-16.072758,145.844073,STCR,STCR_160
-16.072748,145.844185,STCR,STCR_161
-23.44464317,152.0246978,SYKE,SYKE_1
-9.88359,143.407125,TSAU,TSAU_1
-9.882025,143.39442,TSAU,TSAU_2
-9.87996,143.41004,TSAU,TSAU_3
-9.8757,143.388545,TSAU,TSAU_4
-9.867615,143.389355,TSAU,TSAU_5
-9.985315,142.90854,TSDU,TSDU_1
-9.934095,142.922705,TSDU,TSDU_2
-9.878565,142.932925,TSDU,TSDU_3
-9.9312,143.00543,TSDU_FR1S,TSDU_FR1S_1
-9.763955,143.417,TSMA,TSMA_1
-9.76224,143.421395,TSMA,TSMA_2
-9.759895,143.39796,TSMA,TSMA_3
-9.749119759,143.3996124,TSMA,TSMA_4
-9.748895,143.399825,TSMA,TSMA_5
-9.748669624,143.4000397,TSMA,TSMA_6
-9.74838,143.458505,TSMA,TSMA_7
-9.74637,143.46012,TSMA,TSMA_8
-9.7442395,143.415763,TSMA,TSMA_9
-9.74409,143.41574,TSMA,TSMA_10
-9.73404,143.43519,TSMA,TSMA_11
