vcf_name,sequence_comments,batch,lane,materialSampleID_full,materialSampleID,individualID,locationID,EcoLocationID,site_code,decimalLatitude,decimalLongitude,coordNote,depthinmeters,depthNote,EcoPlotDepthinmeters,colonyDepthinmeters,reefID,EcoReefHabitat,depth_category,EcoZoneID,EcoPlotID,yearCollected,habitat,habitat_full,lineage_mito,lineage_wgs
RRAP-ECO03-2022-Shys-CBHE-1393_L3,,batch1,L3,RRAP-ECO03-2022-Shys-CBHE-1393,CBHE-1393,1393,CBHE,CBHE_BA2D_P1,CBHE_BA2D,-23.4340395,151.920592,plot coordinates from AG,10.5,NA,10.5,NA,Heron,Back2,10m,Deep,Plot1,2022,Back,,Hap12,NA
RRAP-ECO03-2023-Shys-CBHE-2705_L2,,batch1,L2,RRAP-ECO03-2023-Shys-CBHE-2705,CBHE-2705,2705,CBHE,CBHE_FR2D_P2,CBHE_FR2D,-23.47084618,151.9509202,plot coordinates from AG,11.8,NA,11.8,NA,Heron,Front2,10m,Deep,Plot2,2023,Front,,Hap12,NA
RRAP-ECO03-2023-Shys-CBHE-2812_L1,,batch1,L1,RRAP-ECO03-2023-Shys-CBHE-2812,CBHE-2812,2812,CBHE,CBHE_BA1D_P1,CBHE_BA1D,-23.4280415,151.9524235,plot coordinates from AG,11.7,NA,11.7,NA,Heron,Back1,10m,Deep,Plot1,2023,Back,,Hap11,SH2
RRAP-ECO03-2023-Shys-CBHE-2816_L1,,batch1,L1,RRAP-ECO03-2023-Shys-CBHE-2816,CBHE-2816,2816,CBHE,CBHE_BA1D_P2,CBHE_BA1D,-23.4280535,151.952309,plot coordinates from AG,11.7,NA,11.7,NA,Heron,Back1,10m,Deep,Plot2,2023,Back,,Hap11,SH2
RRAP-ECO03-2023-Shys-CBHE-2817_L2,,batch1,L2,RRAP-ECO03-2023-Shys-CBHE-2817,CBHE-2817,2817,CBHE,CBHE_BA1D_P3,CBHE_BA1D,-23.428095,151.952179,plot coordinates from AG,11.3,NA,11.3,NA,Heron,Back1,10m,Deep,Plot3,2023,Back,,Hap11,SH2
RRAP-ECO03-2023-Shys-CBHE-2820_L2,,batch1,L2,RRAP-ECO03-2023-Shys-CBHE-2820,CBHE-2820,2820,CBHE,CBHE_BA1D_P3,CBHE_BA1D,-23.428095,151.952179,plot coordinates from AG,11.3,NA,11.3,NA,Heron,Back1,10m,Deep,Plot3,2023,Back,,Hap11,SH2
RRAP-ECO03-2023-Shys-CBHE-2818_L1,,batch1,L1,RRAP-ECO03-2023-Shys-CBHE-2818,CBHE-2818,2818,CBHE,CBHE_BA1D_P3,CBHE_BA1D,-23.428095,151.952179,plot coordinates from AG,11.3,NA,11.3,NA,Heron,Back1,10m,Deep,Plot3,2023,Back,,Hap11,SH2
RRAP-ECO03-2023-Shys-CBHE-2775_L1,,batch1,L1,RRAP-ECO03-2023-Shys-CBHE-2775,CBHE-2775,2775,CBHE,CBHE_BA1S_P2,CBHE_BA1S,-23.428454,151.9524855,plot coordinates from AG,4.8,NA,4.8,NA,Heron,Back1,5m,Shallow,Plot2,2023,Back,,Hap11,SH2
RRAP-ECO03-2023-Shys-CBHE-2778_L1,,batch1,L1,RRAP-ECO03-2023-Shys-CBHE-2778,CBHE-2778,2778,CBHE,CBHE_BA1S_P3,CBHE_BA1S,-23.4284495,151.952358,plot coordinates from AG,4,NA,4,NA,Heron,Back1,5m,Shallow,Plot3,2023,Back,,Hap11,SH2
RRAP-ECO03-2023-Shys-CBHE-2779_L1,,batch1,L1,RRAP-ECO03-2023-Shys-CBHE-2779,CBHE-2779,2779,CBHE,CBHE_BA1S_P3,CBHE_BA1S,-23.4284495,151.952358,plot coordinates from AG,4,NA,4,NA,Heron,Back1,5m,Shallow,Plot3,2023,Back,,Hap11,SH2
RRAP-ECO03-2023-Shys-CBHE-2746_L1,,batch1,L1,RRAP-ECO03-2023-Shys-CBHE-2746,CBHE-2746,2746,CBHE,CBHE_BA2S_P4,CBHE_BA2S,-23.4340385,151.920667,plot coordinates from AG,3.9,NA,3.9,NA,Heron,Back2,5m,Shallow,Plot4,2023,Back,,Hap11,SH2
RRAP-ECO03-2023-Shys-CBHE-2693_L3,part of plate4 renamed,batch1,L3,RRAP-ECO03-2023-Shys-CBHE-2693,CBHE-2693,2693,CBHE,CBHE_FL1S_P4,CBHE_FL1S,-23.4563285,151.9257705,plot coordinates from AG,5.3,NA,5.3,NA,Heron,Flank1,5m,Shallow,Plot4,2023,Flank,,Hap11,SH2
RRAP-ECO03-2023-Shys-CBHE-2697_L1,,batch1,L1,RRAP-ECO03-2023-Shys-CBHE-2697,CBHE-2697,2697,CBHE,CBHE_FL1S_P4,CBHE_FL1S,-23.4563285,151.9257705,plot coordinates from AG,5.3,NA,5.3,NA,Heron,Flank1,5m,Shallow,Plot4,2023,Flank,,Hap11,SH2
RRAP-ECO03-2022-Shys-CBHE-1307_L3,,batch1,L3,RRAP-ECO03-2022-Shys-CBHE-1307,CBHE-1307,1307,CBHE,CBHE_FR1D_P1,CBHE_FR1D,-23.472103,151.977764,plot coordinates from AG,11.4,NA,11.4,NA,Heron,Front1,10m,Deep,Plot1,2022,Front,,Hap11,SH2
RRAP-ECO03-2023-Shys-CBHE-2665_L1,,batch1,L1,RRAP-ECO03-2023-Shys-CBHE-2665,CBHE-2665,2665,CBHE,CBHE_FR1D_P3,CBHE_FR1D,-23.472098,151.977937,plot coordinates from AG,11.8,NA,11.8,NA,Heron,Front1,10m,Deep,Plot3,2023,Front,,Hap11,SH2
RRAP-ECO03-2023-Shys-CBHE-2664_L1,,batch1,L1,RRAP-ECO03-2023-Shys-CBHE-2664,CBHE-2664,2664,CBHE,CBHE_FR1D_P3,CBHE_FR1D,-23.472098,151.977937,plot coordinates from AG,11.8,NA,11.8,NA,Heron,Front1,10m,Deep,Plot3,2023,Front,,Hap11,SH2
RRAP-ECO03-2023-Shys-CBHE-2666_L1,,batch1,L1,RRAP-ECO03-2023-Shys-CBHE-2666,CBHE-2666,2666,CBHE,CBHE_FR1D_P3,CBHE_FR1D,-23.472098,151.977937,plot coordinates from AG,11.8,NA,11.8,NA,Heron,Front1,10m,Deep,Plot3,2023,Front,,Hap11,SH2
RRAP-ECO03-2023-Shys-CBHE-2699_L3,actually 2669,batch1,L3,RRAP-ECO03-2023-Shys-CBHE-2669,CBHE-2669,2669,CBHE,CBHE_FR1D_P4,CBHE_FR1D,-23.4720925,151.978211,original coordinates,11.4,NA,11.4,NA,Heron,Front1,10m,Deep,NA,2023,Front,,Hap11,SH2
RRAP-ECO03-2023-Shys-CBHE-2700_L3,,batch1,L3,RRAP-ECO03-2023-Shys-CBHE-2700,CBHE-2700,2700,CBHE,CBHE_FR1D_P4,CBHE_FR1D,-23.4720925,151.978211,plot coordinates from AG,11.4,NA,11.4,NA,Heron,Front1,10m,Deep,Plot4,2023,Front,,Hap11,SH2
RRAP-ECO03-2023-Shys-CBHE-2689_L1,,batch1,L1,RRAP-ECO03-2023-Shys-CBHE-2689,CBHE-2689,2689,CBHE,CBHE_FR1S_P4,CBHE_FR1S,-23.471902,151.977954,plot coordinates from AG,5.7,NA,5.7,NA,Heron,Front1,5m,Shallow,Plot4,2023,Front,,Hap11,SH2
RRAP-ECO03-2023-Shys-CBHE-2704_L1,,batch1,L1,RRAP-ECO03-2023-Shys-CBHE-2704,CBHE-2704,2704,CBHE,CBHE_FR2D_P2,CBHE_FR2D,-23.47084618,151.9509202,plot coordinates from AG,11.8,NA,11.8,NA,Heron,Front2,10m,Deep,Plot2,2023,Front,,Hap11,SH2
RRAP-ECO03-2023-Shys-CBHE-2715_L3,,batch1,L3,RRAP-ECO03-2023-Shys-CBHE-2715,CBHE-2715,2715,CBHE,CBHE_FR2D_P3,CBHE_FR2D,-23.47086716,151.9512024,plot coordinates from AG,11.6,NA,11.6,NA,Heron,Front2,10m,Deep,Plot3,2023,Front,,Hap11,SH2
RRAP-ECO03-2022-Shys-CBHE-1286_L3,,batch1,L3,RRAP-ECO03-2022-Shys-CBHE-1286,CBHE-1286,1286,CBHE,CBHE_FR2D_P3,CBHE_FR2D,-23.47086716,151.9512024,plot coordinates from AG,11.6,NA,11.6,NA,Heron,Front2,10m,Deep,Plot3,2022,Front,,Hap11,SH2
RRAP-ECO03-2023-Shys-CBHE-2717_L1,,batch1,L1,RRAP-ECO03-2023-Shys-CBHE-2717,CBHE-2717,2717,CBHE,CBHE_FR2D_P4,CBHE_FR2D,-23.4708662,151.9513931,plot coordinates from AG,10.4,NA,10.4,NA,Heron,Front2,10m,Deep,Plot4,2023,Front,,Hap11,SH2
RRAP-ECO03-2023-Shys-CBHE-2811_L3,part of plate4 renamed,batch1,L3,RRAP-ECO03-2023-Shys-CBHE-2811,CBHE-2811,2811,CBHE,CBHE_BA1D_P1,CBHE_BA1D,-23.4280415,151.9524235,plot coordinates from AG,11.7,NA,11.7,NA,Heron,Back1,10m,Deep,Plot1,2023,Back,,HostD3,SH3
RRAP-ECO03-2023-Shys-CBHE-2814_L1,,batch1,L1,RRAP-ECO03-2023-Shys-CBHE-2814,CBHE-2814,2814,CBHE,CBHE_BA1D_P2,CBHE_BA1D,-23.4280535,151.952309,plot coordinates from AG,11.7,NA,11.7,NA,Heron,Back1,10m,Deep,Plot2,2023,Back,,HostD3,SH3
RRAP-ECO03-2023-Shys-CBHE-2822_L2,,batch1,L2,RRAP-ECO03-2023-Shys-CBHE-2822,CBHE-2822,2822,CBHE,CBHE_BA1D_P4,CBHE_BA1D,-23.4281955,151.95204,plot coordinates from AG,11.7,NA,11.7,NA,Heron,Back1,10m,Deep,Plot4,2023,Back,,HostD3,SH3
RRAP-ECO03-2023-Shys-CBHE-2751_L3,part of plate4 renamed,batch1,L3,RRAP-ECO03-2023-Shys-CBHE-2751,CBHE-2751,2751,CBHE,CBHE_BA1S_P1,CBHE_BA1S,-23.428403,151.952614,plot coordinates from AG,5.1,NA,5.1,NA,Heron,Back1,5m,Shallow,Plot1,2023,Back,,HostD3,SH3
RRAP-ECO03-2023-Shys-CBHE-2756_L3,part of plate4 renamed,batch1,L3,RRAP-ECO03-2023-Shys-CBHE-2756,CBHE-2756,2756,CBHE,CBHE_BA1S_P2,CBHE_BA1S,-23.428454,151.9524855,plot coordinates from AG,4.8,NA,4.8,NA,Heron,Back1,5m,Shallow,Plot2,2023,Back,,HostD3,SH3
RRAP-ECO03-2023-Shys-CBHE-2757_L1,,batch1,L1,RRAP-ECO03-2023-Shys-CBHE-2757,CBHE-2757,2757,CBHE,CBHE_BA1S_P4,CBHE_BA1S,-23.4284645,151.9522105,plot coordinates from AG,5,NA,5,NA,Heron,Back1,5m,Shallow,Plot4,2023,Back,,HostD3,SH3
RRAP-ECO03-2023-Shys-CBHE-2784_L1,,batch1,L1,RRAP-ECO03-2023-Shys-CBHE-2784,CBHE-2784,2784,CBHE,CBHE_BA1S_P4,CBHE_BA1S,-23.4284645,151.9522105,plot coordinates from AG,5,NA,5,NA,Heron,Back1,5m,Shallow,Plot4,2023,Back,,HostD3,SH3
RRAP-ECO03-2023-Shys-CBHE-2765_L1,,batch1,L1,RRAP-ECO03-2023-Shys-CBHE-2765,CBHE-2765,2765,CBHE,CBHE_BA2D_P2,CBHE_BA2D,-23.43398,151.920474,plot coordinates from AG,10.5,NA,10.5,NA,Heron,Back2,10m,Deep,Plot2,2023,Back,,HostD3,SH3
RRAP-ECO03-2023-Shys-CBHE-2730_L1,,batch1,L1,RRAP-ECO03-2023-Shys-CBHE-2730,CBHE-2730,2730,CBHE,CBHE_BA2S_P1,CBHE_BA2S,-23.433933,151.9212005,plot coordinates from AG,4.1,NA,4.1,NA,Heron,Back2,5m,Shallow,Plot1,2023,Back,,HostD3,SH3
RRAP-ECO03-2023-Shys-CBHE-2745_L1,,batch1,L1,RRAP-ECO03-2023-Shys-CBHE-2745,CBHE-2745,2745,CBHE,CBHE_BA2S_P4,CBHE_BA2S,-23.4340385,151.920667,plot coordinates from AG,3.9,NA,3.9,NA,Heron,Back2,5m,Shallow,Plot4,2023,Back,,HostD3,SH3
RRAP-ECO03-2023-Shys-CBHE-2803_L1,,batch1,L1,RRAP-ECO03-2023-Shys-CBHE-2803,CBHE-2803,2803,CBHE,CBHE_FL1S_P2,CBHE_FL1S,-23.4561095,151.925544,plot coordinates from AG,3.7,NA,3.7,NA,Heron,Flank1,5m,Shallow,Plot2,2023,Flank,,HostD3,SH3
RRAP-ECO03-2023-Shys-CBHE-2663_L1,,batch1,L1,RRAP-ECO03-2023-Shys-CBHE-2663,CBHE-2663,2663,CBHE,CBHE_FR1D_P3,CBHE_FR1D,-23.472098,151.977937,plot coordinates from AG,11.8,NA,11.8,NA,Heron,Front1,10m,Deep,Plot3,2023,Front,,HostD3,SH3
RRAP-ECO03-2022-Shys-CBHE-1313_L3,,batch1,L3,RRAP-ECO03-2022-Shys-CBHE-1313,CBHE-1313,1313,CBHE,CBHE_FR1D_P3,CBHE_FR1D,-23.472098,151.977937,plot coordinates from AG,11.8,NA,11.8,NA,Heron,Front1,10m,Deep,Plot3,2022,Front,,HostD3,SH3
RRAP-ECO03-2023-Shys-CBHE-2710_L3,,batch1,L3,RRAP-ECO03-2023-Shys-CBHE-2710,CBHE-2710,2710,CBHE,CBHE_FR2D_P3,CBHE_FR2D,-23.47086716,151.9512024,plot coordinates from AG,11.6,NA,11.6,NA,Heron,Front2,10m,Deep,Plot3,2023,Front,,HostD3,SH3
RRAP-ECO03-2023-Shys-CBHE-2718_L3,,batch1,L3,RRAP-ECO03-2023-Shys-CBHE-2718,CBHE-2718,2718,CBHE,CBHE_FR2D_P4,CBHE_FR2D,-23.4708662,151.9513931,plot coordinates from AG,10.4,NA,10.4,NA,Heron,Front2,10m,Deep,Plot4,2023,Front,,HostD3,SH3
RRAP-ECO03-2023-Shys-CBLM-2617_L1,,batch1,L1,RRAP-ECO03-2023-Shys-CBLM-2617,CBLM-2617,2617,CBLM,CBLM_BA2S_P3,CBLM_BA2S,-23.8944175,152.403762,plot coordinates from AG,5.6,NA,5.6,NA,Lady Musgrave,Back2,5m,Shallow,Plot3,2023,Back,,Hap11,SH2
RRAP-ECO03-2023-Shys-CBLM-1243_L3,part of plate4 renamed,batch1,L3,RRAP-ECO03-2023-Shys-CBLM-1243,CBLM-1243,1243,CBLM,CBLM_FL1S_P1,CBLM_FL1S,-23.884943,152.4136075,plot coordinates from AG,4.2,NA,4.2,NA,Lady Musgrave,Flank1,5m,Shallow,Plot1,2022,Flank,,Hap11,SH2
RRAP-ECO03-2023-Shys-CBLM-2593_L1,,batch1,L1,RRAP-ECO03-2023-Shys-CBLM-2593,CBLM-2593,2593,CBLM,CBLM_FL1S_P1,CBLM_FL1S,-23.884943,152.4136075,plot coordinates from AG,4.2,NA,4.2,NA,Lady Musgrave,Flank1,5m,Shallow,Plot1,2023,Flank,,Hap11,SH2
RRAP-ECO03-2022-Shys-CBLM-1240_L3,,batch1,L3,RRAP-ECO03-2022-Shys-CBLM-1240,CBLM-1240,1240,CBLM,CBLM_FL1S_P1,CBLM_FL1S,-23.884943,152.4136075,plot coordinates from AG,4.2,NA,4.2,NA,Lady Musgrave,Flank1,5m,Shallow,Plot1,2022,Flank,,Hap11,SH2
RRAP-ECO03-2023-Shys-CBLM-2597_L1,,batch1,L1,RRAP-ECO03-2023-Shys-CBLM-2597,CBLM-2597,2597,CBLM,CBLM_FL1S_P2,CBLM_FL1S,-23.88506,152.4135875,plot coordinates from AG,4,NA,4,NA,Lady Musgrave,Flank1,5m,Shallow,Plot2,2023,Flank,,Hap11,SH2
RRAP-ECO03-2023-Shys-CBLM-2596_L1,,batch1,L1,RRAP-ECO03-2023-Shys-CBLM-2596,CBLM-2596,2596,CBLM,CBLM_FL1S_P2,CBLM_FL1S,-23.88506,152.4135875,plot coordinates from AG,4,NA,4,NA,Lady Musgrave,Flank1,5m,Shallow,Plot2,2023,Flank,,Hap11,SH2
RRAP-ECO03-2023-Shys-CBLM-2603_L1,,batch1,L1,RRAP-ECO03-2023-Shys-CBLM-2603,CBLM-2603,2603,CBLM,CBLM_FL1S_P3,CBLM_FL1S,-23.8852145,152.413594,plot coordinates from AG,5.1,NA,5.1,NA,Lady Musgrave,Flank1,5m,Shallow,Plot3,2023,Flank,,Hap11,SH2
RRAP-ECO03-2023-Shys-CBLM-1252_L3,part of plate4 renamed,batch1,L3,RRAP-ECO03-2023-Shys-CBLM-1252,CBLM-1252,1252,CBLM,CBLM_FL1S_P4,CBLM_FL1S,-23.8853215,152.413674,plot coordinates from AG,4.9,NA,4.9,NA,Lady Musgrave,Flank1,5m,Shallow,Plot4,2022,Flank,,Hap11,SH2
RRAP-ECO03-2023-Shys-CBLM-2606_L1,,batch1,L1,RRAP-ECO03-2023-Shys-CBLM-2606,CBLM-2606,2606,CBLM,CBLM_FL1S_P4,CBLM_FL1S,-23.8853215,152.413674,plot coordinates from AG,4.9,NA,4.9,NA,Lady Musgrave,Flank1,5m,Shallow,Plot4,2023,Flank,,Hap11,SH2
RRAP-ECO03-2023-Shys-CBLM-1251_L3,,batch1,L3,RRAP-ECO03-2023-Shys-CBLM-1251,CBLM-1251,1251,CBLM,CBLM_FL1S_P4,CBLM_FL1S,-23.8853215,152.413674,plot coordinates from AG,4.9,NA,4.9,NA,Lady Musgrave,Flank1,5m,Shallow,Plot4,2022,Flank,,Hap11,SH2
RRAP-ECO03-2023-Shys-CBLM-2649_L2,,batch1,L2,RRAP-ECO03-2023-Shys-CBLM-2649,CBLM-2649,2649,CBLM,CBLM_BA1S_P3,CBLM_BA1S,-23.9003675,152.3934045,plot coordinates from AG,3.4,NA,3.4,NA,Lady Musgrave,Back1,5m,Shallow,Plot3,2023,Back,,Hap11,SH2
RRAP-ECO03-2022-Shys-CBLM-1208_L1,,batch1,L1,RRAP-ECO03-2022-Shys-CBLM-1208,CBLM-1208,1208,CBLM,CBLM_BA2S_P3,CBLM_BA2S,-23.8944175,152.403762,plot coordinates from AG,5.6,NA,5.6,NA,Lady Musgrave,Back2,5m,Shallow,Plot3,2022,Back,,HostD3,SH3
RRAP-ECO03-2023-Shys-CBLM-2619_L1,,batch1,L1,RRAP-ECO03-2023-Shys-CBLM-2619,CBLM-2619,2619,CBLM,CBLM_BA2S_P4,CBLM_BA2S,-23.8945,152.403644,plot coordinates from AG,4.4,NA,4.4,NA,Lady Musgrave,Back2,5m,Shallow,Plot4,2023,Back,,HostD3,SH3
RRAP-ECO03-2022-Shys-OCDA-BLCH108B_L2,,batch1,L2,RRAP-ECO03-2022-Shys-OCDA-BLCH108B,OCDA-BLCH108B,BLCH108B,OCDA,OCDA_FL1S_P4,OCDA_FL1S,-18.805575,147.66835,plot coordinates from AG,5.4,NA,5.4,NA,Davies,Flank1,5m,Shallow,Plot4,2022,Flank,,HostB,HostB
RRAP-ECO03-2022-Shys-OCDA-BLCH71B_L2,,batch1,L2,RRAP-ECO03-2022-Shys-OCDA-BLCH71B,OCDA-BLCH71B,BLCH71B,OCDA,OCDA_FR2S_P4,OCDA_FR2S,-18.83150833,147.6528006,plot coordinates from AG,5.7,NA,5.7,NA,Davies,Front2,5m,Shallow,Plot4,2022,Front,,Hap13,NA
RRAP-ECO03-2022-Shys-OCDA-BLCH30B_L2,,batch1,L2,RRAP-ECO03-2022-Shys-OCDA-BLCH30B,OCDA-BLCH30B,BLCH30B,OCDA,OCDA_FL1D_P1,OCDA_FL1D,-18.805915,147.668855,plot coordinates from AG,11.9,NA,11.9,NA,Davies,Flank1,10m,Deep,Plot1,2022,Flank,,Hap13,NA
RRAP-ECO03-2022-Shys-OCDA-BLCH21B_L2,,batch1,L2,RRAP-ECO03-2022-Shys-OCDA-BLCH21B,OCDA-BLCH21B,BLCH21B,OCDA,OCDA_FR1D_P1,OCDA_FR1D,-18.81968177,147.663926,plot coordinates from AG,9.8,NA,9.8,NA,Davies,Front1,10m,Deep,Plot1,2022,Front,,Hap13,NA
RRAP-ECO03-2023-Shys-OCDA-1718_L1,,batch1,L2,RRAP-ECO03-2023-Shys-OCDA-1826-rep,OCDA-1826-rep,1826,OCDA,OCDA_FR1D_P3,OCDA_FR1D,-18.81925,147.66413,plot coordinates from AG,10,NA,10,NA,Davies,Front1,10m,Deep,Plot3,2023,Front,,Hap9,NA
RRAP-ECO03-2022-Shys-OCDA-BLCH94B_L2,,batch1,L2,RRAP-ECO03-2022-Shys-OCDA-BLCH94B,OCDA-BLCH94B,BLCH94B,OCDA,OCDA_BA2S_P2,OCDA_BA2S,-18.81445,147.63709,plot coordinates from AG,2.7,NA,2.7,NA,Davies,Back2,5m,Shallow,Plot2,2022,Back,,Hap10,SH2
RRAP-ECO03-2022-Shys-OCDA-BLCH47B_L2,,batch1,L2,RRAP-ECO03-2022-Shys-OCDA-BLCH47B,OCDA-BLCH47B,BLCH47B,OCDA,OCDA_BA2S_P3,OCDA_BA2S,-18.81441,147.63697,plot coordinates from AG,4,NA,4,NA,Davies,Back2,5m,Shallow,Plot3,2022,Back,,Hap10,SH2
RRAP-ECO03-2022-Shys-OCDA-BLCH35B_L2,,batch1,L2,RRAP-ECO03-2022-Shys-OCDA-BLCH35B,OCDA-BLCH35B,BLCH35B,OCDA,OCDA_FL1D_P1,OCDA_FL1D,-18.805915,147.668855,plot coordinates from AG,11.9,NA,11.9,NA,Davies,Flank1,10m,Deep,Plot1,2022,Flank,,Hap10,SH2
RRAP-ECO03-2023-Shys-OCDA-1793_L1,,batch1,L1,RRAP-ECO03-2023-Shys-OCDA-1793,OCDA-1793,1793,OCDA,OCDA_FL1D_P3,OCDA_FL1D,-18.805735,147.66876,plot coordinates from AG,12.4,NA,12.4,NA,Davies,Flank1,10m,Deep,Plot3,2023,Flank,,Hap10,SH2
RRAP-ECO03-2022-Shys-OCDA-BLCH112B_L2,,batch1,L2,RRAP-ECO03-2022-Shys-OCDA-BLCH112B,OCDA-BLCH112B,BLCH112B,OCDA,OCDA_FL1S_P4,OCDA_FL1S,-18.805575,147.66835,plot coordinates from AG,5.4,NA,5.4,NA,Davies,Flank1,5m,Shallow,Plot4,2022,Flank,,Hap10,SH2
RRAP-ECO03-2022-Shys-OCDA-BLCH113B_L2,,batch1,L2,RRAP-ECO03-2022-Shys-OCDA-BLCH113B,OCDA-BLCH113B,BLCH113B,OCDA,OCDA_FL1S_P4,OCDA_FL1S,-18.805575,147.66835,plot coordinates from AG,5.4,NA,5.4,NA,Davies,Flank1,5m,Shallow,Plot4,2022,Flank,,Hap10,SH2
RRAP-ECO03-2022-Shys-OCDA-BLCH120B_L2,,batch1,L2,RRAP-ECO03-2022-Shys-OCDA-BLCH120B,OCDA-BLCH120B,BLCH120B,OCDA,OCDA_FL1S_P4,OCDA_FL1S,-18.805575,147.66835,plot coordinates from AG,5.4,NA,5.4,NA,Davies,Flank1,5m,Shallow,Plot4,2022,Flank,,Hap10,SH2
RRAP-ECO03-2022-Shys-OCDA-BLCH114B_L2,,batch1,L2,RRAP-ECO03-2022-Shys-OCDA-BLCH114B,OCDA-BLCH114B,BLCH114B,OCDA,OCDA_FL1S_P4,OCDA_FL1S,-18.805575,147.66835,plot coordinates from AG,5.4,NA,5.4,NA,Davies,Flank1,5m,Shallow,Plot4,2022,Flank,,Hap10,SH2
RRAP-ECO03-2022-Shys-OCDA-BLCH106B_L2,,batch1,L2,RRAP-ECO03-2022-Shys-OCDA-BLCH106B,OCDA-BLCH106B,BLCH106B,OCDA,OCDA_FL1S_P4,OCDA_FL1S,-18.805575,147.66835,plot coordinates from AG,5.4,NA,5.4,NA,Davies,Flank1,5m,Shallow,Plot4,2022,Flank,,Hap10,SH2
RRAP-ECO03-2022-Shys-OCDA-BLCH24B_L2,,batch1,L2,RRAP-ECO03-2022-Shys-OCDA-BLCH24B,OCDA-BLCH24B,BLCH24B,OCDA,OCDA_FR1D_P1,OCDA_FR1D,-18.81968177,147.663926,plot coordinates from AG,9.8,NA,9.8,NA,Davies,Front1,10m,Deep,Plot1,2022,Front,,Hap10,SH2
RRAP-ECO03-2022-Shys-OCDA-BLCH26B_L2,,batch1,L2,RRAP-ECO03-2022-Shys-OCDA-BLCH26B,OCDA-BLCH26B,BLCH26B,OCDA,OCDA_FR1D_P1,OCDA_FR1D,-18.81968177,147.663926,plot coordinates from AG,9.8,NA,9.8,NA,Davies,Front1,10m,Deep,Plot1,2022,Front,,Hap10,SH2
RRAP-ECO03-2022-Shys-OCDA-BLCH11B_L2,,batch1,L2,RRAP-ECO03-2022-Shys-OCDA-BLCH11B,OCDA-BLCH11B,BLCH11B,OCDA,OCDA_FR1S_P1,OCDA_FR1S,-18.81961901,147.6637135,plot coordinates from AG,4.9,NA,4.9,NA,Davies,Front1,5m,Shallow,Plot1,2022,Front,,Hap10,SH2
RRAP-ECO03-2022-Shys-OCDA-BLCH34B_L2,,batch1,L2,RRAP-ECO03-2022-Shys-OCDA-BLCH34B,OCDA-BLCH34B,BLCH34B,OCDA,OCDA_FL1D_P1,OCDA_FL1D,-18.805915,147.668855,plot coordinates from AG,11.9,NA,11.9,NA,Davies,Flank1,10m,Deep,Plot1,2022,Flank,,Hap10,SH3
RRAP-ECO03-2023-Shys-OCDA-1726_L1,,batch1,L1,RRAP-ECO03-2023-Shys-OCDA-1726,OCDA-1726,1726,OCDA,OCDA_FR2D_P4,OCDA_FR2D,-18.83160726,147.652827,plot coordinates from AG,10.4,NA,10.4,NA,Davies,Front2,10m,Deep,Plot4,2023,Front,,Hap10,SH3
RRAP-ECO03-2023-Shys-OCDA-2096_L3,,batch1,L3,RRAP-ECO03-2023-Shys-OCDA-2096,OCDA-2096,2096,OCDA,OCDA_FR2S_P1,OCDA_FR2S,-18.83192685,147.6524971,plot coordinates from AG,4.9,NA,4.9,NA,Davies,Front2,5m,Shallow,Plot1,2023,Front,,Hap10,SH3
RRAP-ECO03-2022-Shys-OCDA-BLCH74B_L2,,batch1,L2,RRAP-ECO03-2022-Shys-OCDA-BLCH74B,OCDA-BLCH74B,BLCH74B,OCDA,OCDA_FR2S_P4,OCDA_FR2S,-18.83150833,147.6528006,plot coordinates from AG,5.7,NA,5.7,NA,Davies,Front2,5m,Shallow,Plot4,2022,Front,,Hap10,SH3
RRAP-ECO03-2023-Shys-ONLI-2965_L4,,batch2,L4,RRAP-ECO03-2023-Shys-ONLI-2965,ONLI-2965,2965,ONLI,ONLI_BV1S,ONLI_BV1S,-14.684389,145.44,original coordinates,4.1,computer depth,4.1,4.1,Lizard,BigVicki1,5m,Shallow,NA,2023,Back,,Hap9,NA
RRAP-ECO03-2023-Shys-ONLI-3012_L3,part of plate4 renamed,batch1,L3,RRAP-ECO03-2023-Shys-ONLI-3012,ONLI-3012,3012,ONLI,ONLI_TA1S_P2,ONLI_TA1S,-14.685111,145.466972,original coordinates,1.1,computer depth,1.1,1.1,Lizard,Tail1,5m,Shallow,NA,2023,Lagoon,,Hap9,NA
RRAP-ECO03-2023-Shys-ONLI-2371_L4,,batch2,L4,RRAP-ECO03-2023-Shys-ONLI-2371,ONLI-2371,2371,ONLI,ONLI_FR1S,ONLI_FR1S,-14.69179039,145.4691158,ONLI_FR1S_P1,3,NA,NA,NA,Lizard,Front1,5m,Shallow,NA,2023,Front,,outgroup,outgroup
RRAP-ECO03-2023-Shys-ONLI-2892_L1,,batch1,L1,RRAP-ECO03-2023-Shys-ONLI-2892,ONLI-2892,2892,ONLI,ONLI_BA2S_P4,ONLI_BA2S,-14.6679995,145.4417655,plot coordinates from AG,4.8,plot depth from AG,4.8,4.2,Lizard,Back2,5m,Shallow,Plot4,2023,Back,,outgroup,outgroup
RRAP-ECO03-2023-Shys-ONLI-2382_L4,,batch2,L4,RRAP-ECO03-2023-Shys-ONLI-2382,ONLI-2382,2382,ONLI,ONLI_FR1S,ONLI_FR1S,-14.69179039,145.4691158,ONLI_FR1S_P1,3,NA,NA,NA,Lizard,Front1,5m,Shallow,NA,2023,Front,,Hap14,SH3
RRAP-ECO03-2023-Shys-ONLI-2377_L4,,batch2,L4,RRAP-ECO03-2023-Shys-ONLI-2377,ONLI-2377,2377,ONLI,ONLI_FR1S,ONLI_FR1S,-14.69179039,145.4691158,ONLI_FR1S_P1,3,NA,NA,NA,Lizard,Front1,5m,Shallow,NA,2023,Front,,Hap14,SH3
RRAP-ECO03-2023-Shys-ONLI-2374_L4,,batch2,L4,RRAP-ECO03-2023-Shys-ONLI-2374,ONLI-2374,2374,ONLI,ONLI_FR1S,ONLI_FR1S,-14.69179039,145.4691158,ONLI_FR1S_P1,3,NA,NA,NA,Lizard,Front1,5m,Shallow,NA,2023,Front,,Hap14,SH3
RRAP-ECO03-2023-Shys-ONLI-2451_L4,,batch2,L4,RRAP-ECO03-2023-Shys-ONLI-2451,ONLI-2451,2451,ONLI,ONLI_FL1S,ONLI_FL1S,-14.697944,145.4452925,original coordinates,3,NA,NA,NA,Lizard,Flank1,5m,Shallow,NA,2023,Flank,,Hap14,SH3
RRAP-ECO03-2023-Shys-ONLI-2379_L4,,batch2,L4,RRAP-ECO03-2023-Shys-ONLI-2379,ONLI-2379,2379,ONLI,ONLI_FR1S,ONLI_FR1S,-14.69179039,145.4691158,ONLI_FR1S_P1,3,NA,NA,NA,Lizard,Front1,5m,Shallow,NA,2023,Front,,Hap14,SH3
Deepcat-PM-2014-Shys-RUBY-7734_L4,actually 7695,batch2,L4,Deepcat-PM-2014-Shys-RUBY-7695,RUBY-7695,7695,RUBY,NA,NA,-15.73106,145.80539,coarse coordinates,40,coarse category,40,NA,Ruby,NA,40m,Deep,NA,NA,,,HostD1,HostD1
Deepcat-PM-2014-Shys-RUBY-7684_L4,outlier,batch2,L4,Deepcat-PM-2014-Shys-RUBY-7684,RUBY-7684,7684,RUBY,NA,NA,-15.73106,145.80539,coarse coordinates,40,coarse category,40,NA,Ruby,NA,40m,Deep,NA,NA,,,HostD1,HostD1
Deepcat-PM-2014-Shys-RUBY-7694_L4,outlier,batch2,L4,Deepcat-PM-2014-Shys-RUBY-7694,RUBY-7694,7694,RUBY,NA,NA,-15.73106,145.80539,coarse coordinates,40,coarse category,40,NA,Ruby,NA,40m,Deep,NA,NA,,,HostD1,HostD1
Deepcat-PM-2014-Shys-RUBA-7748_L4,"outlier, would make more sense if it was deep",batch2,L4,Deepcat-PM-2014-Shys-RUBA-7748,RUBA-7748,7748,RUBY,NA,NA,-15.74216,145.77838,coarse coordinates,10,coarse category,10,NA,Ruby,NA,10m,Shallow,NA,NA,,,HostD1,HostD1
Deepcat-PM-2014-Shys-RUBA-7760_L4,would make more sense if it was deep,batch2,L4,Deepcat-PM-2014-Shys-RUBA-7760,RUBA-7760,7760,RUBY,NA,NA,-15.74216,145.77838,coarse coordinates,10,coarse category,10,NA,Ruby,NA,10m,Shallow,NA,NA,,,HostD1,HostD1
Deepcat-PM-2014-Shys-RUBA-7750_L4,would make more sense if it was deep,batch2,L4,Deepcat-PM-2014-Shys-RUBA-7750,RUBA-7750,7750,RUBY,NA,NA,-15.74216,145.77838,coarse coordinates,10,coarse category,10,NA,Ruby,NA,10m,Shallow,NA,NA,,,HostD1,HostD1
Deepcat-PM-2014-Shys-RUBA-7752_L4,would make more sense if it was deep,batch2,L4,Deepcat-PM-2014-Shys-RUBA-7752,RUBA-7752,7752,RUBY,NA,NA,-15.74216,145.77838,coarse coordinates,10,coarse category,10,NA,Ruby,NA,10m,Shallow,NA,NA,,,HostD1,HostD1
Deepcat-PM-2014-Shys-RUBA-7759_L4,would make more sense if it was deep,batch2,L4,Deepcat-PM-2014-Shys-RUBA-7759,RUBA-7759,7759,RUBY,NA,NA,-15.74216,145.77838,coarse coordinates,10,coarse category,10,NA,Ruby,NA,10m,Shallow,NA,NA,,,HostD1,HostD1
Deepcat-PM-2014-Shys-RUBA-7753_L4,would make more sense if it was deep,batch2,L4,Deepcat-PM-2014-Shys-RUBA-7753,RUBA-7753,7753,RUBY,NA,NA,-15.74216,145.77838,coarse coordinates,10,coarse category,10,NA,Ruby,NA,10m,Shallow,NA,NA,,,HostD1,HostD1
Deepcat-PM-2014-Shys-RUBA-7741_L4,would make more sense if it was deep,batch2,L4,Deepcat-PM-2014-Shys-RUBA-7741,RUBA-7741,7741,RUBY,NA,NA,-15.74216,145.77838,coarse coordinates,10,coarse category,10,NA,Ruby,NA,10m,Shallow,NA,NA,,,HostD1,HostD1
Deepcat-PM-2014-Shys-RUBA-7743_L4,would make more sense if it was deep,batch2,L4,Deepcat-PM-2014-Shys-RUBA-7743,RUBA-7743,7743,RUBY,NA,NA,-15.74216,145.77838,coarse coordinates,10,coarse category,10,NA,Ruby,NA,10m,Shallow,NA,NA,,,HostD1,HostD1
Deepcat-PM-2014-Shys-RUBY-7689_L4,,batch2,L4,Deepcat-PM-2014-Shys-RUBY-7689,RUBY-7689,7689,RUBY,NA,NA,-15.73106,145.80539,coarse coordinates,40,coarse category,40,NA,Ruby,NA,40m,Deep,NA,NA,,,HostD1,HostD1
Deepcat-PM-2014-Shys-RUBY-7692_L4,,batch2,L4,Deepcat-PM-2014-Shys-RUBY-7692,RUBY-7692,7692,RUBY,NA,NA,-15.73106,145.80539,coarse coordinates,40,coarse category,40,NA,Ruby,NA,40m,Deep,NA,NA,,,HostD1,HostD1
Deepcat-PM-2014-Shys-RUBY-7681_L4,,batch2,L4,Deepcat-PM-2014-Shys-RUBY-7681,RUBY-7681,7681,RUBY,NA,NA,-15.73106,145.80539,coarse coordinates,40,coarse category,40,NA,Ruby,NA,40m,Deep,NA,NA,,,HostD1,HostD1
Deepcat-PM-2014-Shys-RUBY-7691_L4,,batch2,L4,Deepcat-PM-2014-Shys-RUBY-7691,RUBY-7691,7691,RUBY,NA,NA,-15.73106,145.80539,coarse coordinates,40,coarse category,40,NA,Ruby,NA,40m,Deep,NA,NA,,,HostD1,HostD1
Deepcat-PM-2014-Shys-RUBY-7682_L4,,batch2,L4,Deepcat-PM-2014-Shys-RUBY-7682,RUBY-7682,7682,RUBY,NA,NA,-15.73106,145.80539,coarse coordinates,40,coarse category,40,NA,Ruby,NA,40m,Deep,NA,NA,,,HostD1,HostD1
Deepcat-PM-2014-Shys-RUBY-7688_L4,,batch2,L4,Deepcat-PM-2014-Shys-RUBY-7688,RUBY-7688,7688,RUBY,NA,NA,-15.73106,145.80539,coarse coordinates,40,coarse category,40,NA,Ruby,NA,40m,Deep,NA,NA,,,HostD1,HostD1
Deepcat-PM-2014-Shys-RUBY-7686_L4,,batch2,L4,Deepcat-PM-2014-Shys-RUBY-7686,RUBY-7686,7686,RUBY,NA,NA,-15.73106,145.80539,coarse coordinates,40,coarse category,40,NA,Ruby,NA,40m,Deep,NA,NA,,,HostD1,HostD1
Deepcat-PM-2014-Shys-RUBY-7693_L4,,batch2,L4,Deepcat-PM-2014-Shys-RUBY-7693,RUBY-7693,7693,RUBY,NA,NA,-15.73106,145.80539,coarse coordinates,40,coarse category,40,NA,Ruby,NA,40m,Deep,NA,NA,,,HostD1,HostD1
Deepcat-PM-2014-Shys-RUBY-7690_L4,,batch2,L4,Deepcat-PM-2014-Shys-RUBY-7690,RUBY-7690,7690,RUBY,NA,NA,-15.73106,145.80539,coarse coordinates,40,coarse category,40,NA,Ruby,NA,40m,Deep,NA,NA,,,HostD1,HostD1
Deepcat-PM-2014-Shys-RUBY-7696_L4,,batch2,L4,Deepcat-PM-2014-Shys-RUBY-7696,RUBY-7696,7696,RUBY,NA,NA,-15.73106,145.80539,coarse coordinates,40,coarse category,40,NA,Ruby,NA,40m,Deep,NA,NA,,,HostD1,HostD1
Deepcat-PM-2014-Shys-RUBY-7695_L4,actually 7734,batch2,L4,Deepcat-PM-2014-Shys-RUBY-7734,RUBY-7734,7734,RUBY,NA,NA,-15.74216,145.77838,coarse coordinates,10,coarse category,10,NA,Ruby,NA,10m,Shallow,NA,NA,,,HostU2,HostU2
Deepcat-PM-2014-Shys-RUBY-7728_L4,,batch2,L4,Deepcat-PM-2014-Shys-RUBY-7728,RUBY-7728,7728,RUBY,NA,NA,-15.74216,145.77838,coarse coordinates,10,coarse category,10,NA,Ruby,NA,10m,Shallow,NA,NA,,,HostU2,HostU2
Deepcat-PM-2014-Shys-RUBY-7730_L4,,batch2,L4,Deepcat-PM-2014-Shys-RUBY-7730,RUBY-7730,7730,RUBY,NA,NA,-15.74216,145.77838,coarse coordinates,10,coarse category,10,NA,Ruby,NA,10m,Shallow,NA,NA,,,HostU2,HostU2
Deepcat-PM-2014-Shys-RUBY-7725_L4,,batch2,L4,Deepcat-PM-2014-Shys-RUBY-7725,RUBY-7725,7725,RUBY,NA,NA,-15.74216,145.77838,coarse coordinates,10,coarse category,10,NA,Ruby,NA,10m,Shallow,NA,NA,,,HostU2,HostU2
Deepcat-PM-2014-Shys-RUBY-7735_L4,,batch2,L4,Deepcat-PM-2014-Shys-RUBY-7735,RUBY-7735,7735,RUBY,NA,NA,-15.74216,145.77838,coarse coordinates,10,coarse category,10,NA,Ruby,NA,10m,Shallow,NA,NA,,,HostU2,HostU2
Deepcat-PM-2014-Shys-RUBY-7740_L4,,batch2,L4,Deepcat-PM-2014-Shys-RUBY-7740,RUBY-7740,7740,RUBY,NA,NA,-15.74216,145.77838,coarse coordinates,10,coarse category,10,NA,Ruby,NA,10m,Shallow,NA,NA,,,HostU2,HostU2
Deepcat-PM-2014-Shys-RUBY-7732_L4,,batch2,L4,Deepcat-PM-2014-Shys-RUBY-7732,RUBY-7732,7732,RUBY,NA,NA,-15.74216,145.77838,coarse coordinates,10,coarse category,10,NA,Ruby,NA,10m,Shallow,NA,NA,,,HostU2,HostU2
Deepcat-PM-2014-Shys-RUBY-7729_L4,,batch2,L4,Deepcat-PM-2014-Shys-RUBY-7729,RUBY-7729,7729,RUBY,NA,NA,-15.74216,145.77838,coarse coordinates,10,coarse category,10,NA,Ruby,NA,10m,Shallow,NA,NA,,,HostU2,HostU2
Deepcat-PM-2014-Shys-RUBY-7726_L4,,batch2,L4,Deepcat-PM-2014-Shys-RUBY-7726,RUBY-7726,7726,RUBY,NA,NA,-15.74216,145.77838,coarse coordinates,10,coarse category,10,NA,Ruby,NA,10m,Shallow,NA,NA,,,HostU2,HostU2
Deepcat-PM-2014-Shys-RUBA-7743-rep_L4,could be 2990,batch2,L4,Deepcat-PM-2014-Shys-RUBA-7743-rep,RUBA-7743-rep,7743,RUBY,NA,NA,-15.74216,145.77838,coarse coordinates,10,coarse category,10,NA,Ruby,NA,10m,Shallow,NA,NA,,,HostU2,HostU2
Deepcat-PM-2014-Shys-RUBY-7728-rep_L4,could be 8036,batch2,L4,Deepcat-PM-2014-Shys-RUBY-7728-rep,RUBY-7728-rep,7728,RUBY,NA,NA,-15.74216,145.77838,coarse coordinates,10,coarse category,10,NA,Ruby,NA,10m,Shallow,NA,NA,,,HostU2,HostU2
Deepcat-PM-2014-Shys-RUBY-7738_L4,,batch2,L4,Deepcat-PM-2014-Shys-RUBY-7738,RUBY-7738,7738,RUBY,NA,NA,-15.74216,145.77838,coarse coordinates,10,coarse category,10,NA,Ruby,NA,10m,Shallow,NA,NA,,,HostU2,HostU2
Deepcat-PM-2014-Shys-RUBY-7739_L4,,batch2,L4,Deepcat-PM-2014-Shys-RUBY-7739,RUBY-7739,7739,RUBY,NA,NA,-15.74216,145.77838,coarse coordinates,10,coarse category,10,NA,Ruby,NA,10m,Shallow,NA,NA,,,HostU2,HostU2
Deepcat-PM-2014-Shys-RUBY-7731_L4,,batch2,L4,Deepcat-PM-2014-Shys-RUBY-7731,RUBY-7731,7731,RUBY,NA,NA,-15.74216,145.77838,coarse coordinates,10,coarse category,10,NA,Ruby,NA,10m,Shallow,NA,NA,,,HostU2,HostU2
Deepcat-PM-2014-Shys-RUBY-7737_L4,,batch2,L4,Deepcat-PM-2014-Shys-RUBY-7737,RUBY-7737,7737,RUBY,NA,NA,-15.74216,145.77838,coarse coordinates,10,coarse category,10,NA,Ruby,NA,10m,Shallow,NA,NA,,,HostU2,HostU2
Deepcat-PM-2014-Shys-RUBY-7722_L4,,batch2,L4,Deepcat-PM-2014-Shys-RUBY-7722,RUBY-7722,7722,RUBY,NA,NA,-15.74216,145.77838,coarse coordinates,10,coarse category,10,NA,Ruby,NA,10m,Shallow,NA,NA,,,HostU2,HostU2
Deepcat-PM-2014-Shys-RUBY-7727_L4,,batch2,L4,Deepcat-PM-2014-Shys-RUBY-7727,RUBY-7727,7727,RUBY,NA,NA,-15.74216,145.77838,coarse coordinates,10,coarse category,10,NA,Ruby,NA,10m,Shallow,NA,NA,,,HostU2,HostU2
Deepcat-PM-2014-Shys-RUBY-7698_L4,,batch2,L4,Deepcat-PM-2014-Shys-RUBY-7698,RUBY-7698,7698,RUBY,NA,NA,-15.73106,145.80539,coarse coordinates,40,coarse category,40,NA,Ruby,NA,10m,Deep,NA,NA,,,Hap9,NA
Deepcat-PM-2014-Shys-SAUN-7982_L4,outlier,batch2,L4,Deepcat-PM-2014-Shys-SAUN-7982,SAUN-7982,7982,SAUN,NA,NA,-11.47568,144.08582,coarse coordinates,40,coarse category,40,NA,Saunders,NA,40m,Deep,NA,NA,,,HostD1,HostD1
Deepcat-PM-2014-Shys-RUBY-7979_L4,"outlier, incorrectly assigned to Ruby",batch2,L4,Deepcat-PM-2014-Shys-SAUN-7979,SAUN-7979,7979,SAUN,NA,NA,-11.47568,144.08582,coarse coordinates,40,coarse category,40,NA,Saunders,NA,40m,Deep,NA,NA,,,HostD1,HostD1
Deepcat-PM-2014-Shys-SABA-8032_L4,upperslope morph,batch2,L4,Deepcat-PM-2014-Shys-SABA-8032,SABA-8032,8032,SAUN,NA,NA,-11.44936,144.06802,coarse coordinates,10,coarse category,10,NA,Saunders,NA,10m,Shallow,NA,NA,,,HostU2,HostU2
Deepcat-PM-2014-Shys-SABA-8033_L4,upperslope morph,batch2,L4,Deepcat-PM-2014-Shys-SABA-8033,SABA-8033,8033,SAUN,NA,NA,-11.44936,144.06802,coarse coordinates,10,coarse category,10,NA,Saunders,NA,10m,Shallow,NA,NA,,,HostU2,HostU2
Deepcat-PM-2014-Shys-SABA-8036_L4,upperslope morph,batch2,L4,Deepcat-PM-2014-Shys-SABA-8036,SABA-8036,8036,SAUN,NA,NA,-11.44936,144.06802,coarse coordinates,10,coarse category,10,NA,Saunders,NA,10m,Shallow,NA,NA,,,HostU2,HostU2
Deepcat-PM-2014-Shys-SABA-8035_L4,upperslope morph,batch2,L4,Deepcat-PM-2014-Shys-SABA-8035,SABA-8035,8035,SAUN,NA,NA,-11.44936,144.06802,coarse coordinates,10,coarse category,10,NA,Saunders,NA,10m,Shallow,NA,NA,,,HostU2,HostU2
Deepcat-PM-2014-Shys-SABA-8034_L4,upperslope morph,batch2,L4,Deepcat-PM-2014-Shys-SABA-8034,SABA-8034,8034,SAUN,NA,NA,-11.44936,144.06802,coarse coordinates,10,coarse category,10,NA,Saunders,NA,10m,Shallow,NA,NA,,,HostU2,HostU2
Deepcat-PM-2014-Shys-SAUN-7985_L4,,batch2,L4,Deepcat-PM-2014-Shys-SAUN-7985,SAUN-7985,7985,SAUN,NA,NA,-11.47568,144.08582,coarse coordinates,40,coarse category,40,NA,Saunders,NA,40m,Deep,NA,NA,,,Hap10,SH3
Deepcat-PM-2014-Shys-SAUN-7983_L4,,batch2,L4,Deepcat-PM-2014-Shys-SAUN-7983,SAUN-7983,7983,SAUN,NA,NA,-11.47568,144.08582,coarse coordinates,40,coarse category,40,NA,Saunders,NA,40m,Deep,NA,NA,,,Hap10,SH3
Deepcat-PM-2014-Shys-SAUN-7981_L4,,batch2,L4,Deepcat-PM-2014-Shys-SAUN-7981,SAUN-7981,7981,SAUN,NA,NA,-11.47568,144.08582,coarse coordinates,40,coarse category,40,NA,Saunders,NA,40m,Deep,NA,NA,,,Hap10,SH3
Deepcat-PM-2014-Shys-SAUN-7984_L4,,batch2,L4,Deepcat-PM-2014-Shys-SAUN-7984,SAUN-7984,7984,SAUN,NA,NA,-11.47568,144.08582,coarse coordinates,40,coarse category,40,NA,Saunders,NA,40m,Deep,NA,NA,,,Hap10,SH3
Deepcat-PM-2014-Shys-SAUN-7980_L4,,batch2,L4,Deepcat-PM-2014-Shys-SAUN-7980,SAUN-7980,7980,SAUN,NA,NA,-11.47568,144.08582,coarse coordinates,40,coarse category,40,NA,Saunders,NA,40m,Deep,NA,NA,,,Hap10,SH3
Deepcat-PM-2014-Shys-SAUN-7986_L4,,batch2,L4,Deepcat-PM-2014-Shys-SAUN-7986,SAUN-7986,7986,SAUN,NA,NA,-11.47568,144.08582,coarse coordinates,40,coarse category,40,NA,Saunders,NA,40m,Deep,NA,NA,,,Hap10,SH3
RRAP-ECO03-2022-Shys-TSAU-854_L1,,batch1,L1,RRAP-ECO03-2022-Shys-TSAU-854,TSAU-854,854,TSAU,TSAU_FR1S_P1,TSAU_FR1S,-9.87996,143.41004,original coordinates,3.1,NA,3.1,NA,Aukane,Front1,5m,Shallow,Plot1,2022,Front,,Hap15,NA
RRAP-ECO03-2022-Shys-TSAU-859_L1,859? Written on tube,batch1,L1,RRAP-ECO03-2022-Shys-TSAU-859,TSAU-859,859,TSAU,TSAU_FL1S_P1,TSAU_FL1S,-9.882025,143.39442,original coordinates,3.4,NA,3.4,NA,Aukane,Flank1,5m,Shallow,Plot1,2022,Flank,,Hap14,SH3
RRAP-ECO03-2022-Shys-TSAU-869_L1,,batch1,L1,RRAP-ECO03-2022-Shys-TSAU-869,TSAU-869,869,TSAU,TSAU_FL1S_P3,TSAU_FL1S,-9.882025,143.39442,original coordinates,2.6,NA,2.6,NA,Aukane,Flank1,5m,Shallow,Plot3,2022,Flank,,Hap14,SH3
RRAP-ECO03-2022-Shys-TSAU-866_L1,,batch1,L1,RRAP-ECO03-2022-Shys-TSAU-866,TSAU-866,866,TSAU,TSAU_FL1S_P4,TSAU_FL1S,-9.882025,143.39442,original coordinates,3.2,NA,3.2,NA,Aukane,Flank1,5m,Shallow,Plot4,2022,Flank,,Hap14,SH3
RRAP-ECO03-2022-Shys-TSAU-841_L1,,batch1,L1,RRAP-ECO03-2022-Shys-TSAU-841,TSAU-841,841,TSAU,TSAU_FR1S_P1,TSAU_FR1S,-9.87996,143.41004,original coordinates,3.1,NA,3.1,NA,Aukane,Front1,5m,Shallow,Plot1,2022,Front,,Hap14,SH3
RRAP-ECO03-2022-Shys-TSAU-845_L1,,batch1,L1,RRAP-ECO03-2022-Shys-TSAU-845,TSAU-845,845,TSAU,TSAU_FR1S_P2,TSAU_FR1S,-9.87996,143.41004,original coordinates,2.9,NA,2.9,NA,Aukane,Front1,5m,Shallow,Plot2,2022,Front,,Hap14,SH3
RRAP-ECO03-2022-Shys-TSAU-1085_L3,,batch1,L3,RRAP-ECO03-2022-Shys-TSAU-1085,TSAU-1085,1085,TSAU,TSAU_FR1S_P2,TSAU_FR1S,-9.87996,143.41004,original coordinates,2.9,NA,2.9,NA,Aukane,Front1,5m,Shallow,Plot2,2022,Front,,Hap14,SH3
RRAP-ECO03-2022-Shys-TSAU-849_L1,,batch1,L1,RRAP-ECO03-2022-Shys-TSAU-849,TSAU-849,849,TSAU,TSAU_FR1S_P4,TSAU_FR1S,-9.87996,143.41004,original coordinates,3.2,NA,3.2,NA,Aukane,Front1,5m,Shallow,Plot4,2022,Front,,Hap14,SH3
RRAP-ECO03-2022-Shys-TSAU-1119_L3,,batch1,L3,RRAP-ECO03-2022-Shys-TSAU-1119,TSAU-1119,1119,TSAU,TSAU_FR1S_P4,TSAU_FR1S,-9.87996,143.41004,original coordinates,3.2,NA,3.2,NA,Aukane,Front1,5m,Shallow,Plot4,2022,Front,,Hap14,SH3
RRAP-ECO03-2022-Shys-TSAU-833_L1,,batch1,L1,RRAP-ECO03-2022-Shys-TSAU-833,TSAU-833,833,TSAU,TSAU_FR2S_P3,TSAU_FR2S,-9.88359,143.407125,original coordinates,4.1,NA,4.1,NA,Aukane,Front2,5m,Shallow,Plot3,2022,Front,,Hap14,SH3
RRAP-ECO03-2022-Shys-TSAU-831_L1,,batch1,L1,RRAP-ECO03-2022-Shys-TSAU-831,TSAU-831,831,TSAU,TSAU_FR2S_P4,TSAU_FR2S,-9.88359,143.407125,original coordinates,4.6,NA,4.6,NA,Aukane,Front2,5m,Shallow,Plot4,2022,Front,,Hap14,SH3
RRAP-ECO03-2022-Shys-TSMA-1020_L2,,batch1,L2,RRAP-ECO03-2022-Shys-TSMA-1020,TSMA-1020,1020,TSMA,TSMA_FL1S_P2,TSMA_FL1S,-9.759895,143.39796,original coordinates,3.3,NA,3.3,NA,Masig,Flank1,5m,Shallow,Plot2,2022,Flank,,Hap9,NA
RRAP-ECO03-2022-Shys-TSMA-1008_L1,,batch1,L1,RRAP-ECO03-2022-Shys-TSMA-1008,TSMA-1008,1008,TSMA,TSMA_FL1S_P3,TSMA_FL1S,-9.759895,143.39796,original coordinates,3.8,NA,3.8,NA,Masig,Flank1,5m,Shallow,Plot3,2022,Flank,,Hap9,NA
RRAP-ECO03-2022-Shys-TSMA-906_L1,,batch1,L1,RRAP-ECO03-2022-Shys-TSMA-906,TSMA-906,906,TSMA,TSMA_FR1D_P2,TSMA_FR1D,-9.763955,143.417,original coordinates,8.3,NA,8.3,NA,Masig,Front1,10m,Deep,Plot2,2022,Front,,Hap14,SH3
RRAP-ECO03-2022-Shys-TSMA-905_L1,,batch1,L1,RRAP-ECO03-2022-Shys-TSMA-905,TSMA-905,905,TSMA,TSMA_FR1D_P2,TSMA_FR1D,-9.763955,143.417,original coordinates,8.3,NA,8.3,NA,Masig,Front1,10m,Deep,Plot2,2022,Front,,Hap14,SH3
RRAP-ECO03-2022-Shys-TSMA-908_L1,,batch1,L1,RRAP-ECO03-2022-Shys-TSMA-908,TSMA-908,908,TSMA,TSMA_FR1D_P4,TSMA_FR1D,-9.763955,143.417,original coordinates,8.6,NA,8.6,NA,Masig,Front1,10m,Deep,Plot4,2022,Front,,Hap14,SH3
RRAP-ECO03-2022-Shys-TSMA-927_L1,,batch1,L1,RRAP-ECO03-2022-Shys-TSMA-927,TSMA-927,927,TSMA,TSMA_FR2D_P2,TSMA_FR2D,-9.74637,143.46012,original coordinates,9.2,NA,9.2,NA,Masig,Front2,10m,Deep,Plot2,2022,Front,,Hap14,SH3
RRAP-ECO03-2022-Shys-TSMA-931_L2,,batch1,L2,RRAP-ECO03-2022-Shys-TSMA-931,TSMA-931,931,TSMA,TSMA_FR2D_P2,TSMA_FR2D,-9.74637,143.46012,original coordinates,9.2,NA,9.2,NA,Masig,Front2,10m,Deep,Plot2,2022,Front,,Hap14,SH3
RRAP-ECO03-2022-Shys-TSMA-936_L2,,batch1,L2,RRAP-ECO03-2022-Shys-TSMA-936,TSMA-936,936,TSMA,TSMA_FR2S_P2,TSMA_FR2S,-9.74838,143.458505,original coordinates,3.8,NA,3.8,NA,Masig,Front2,5m,Shallow,Plot2,2022,Front,,Hap14,SH3
RRAP-ECO03-2022-Shys-TSMA-939_L2,,batch1,L2,RRAP-ECO03-2022-Shys-TSMA-939,TSMA-939,939,TSMA,TSMA_FR2S_P4,TSMA_FR2S,-9.74838,143.458505,original coordinates,4.4,NA,4.4,NA,Masig,Front2,5m,Shallow,Plot4,2022,Front,,Hap14,SH3
RRAP-ECO03-2022-Shys-TSMA-915_L1,,batch1,L1,RRAP-ECO03-2022-Shys-TSMA-915,TSMA-915,915,TSMA,TSMA_FR1S_P2,TSMA_FR1S,-9.76224,143.421395,original coordinates,3.7,NA,3.7,NA,Masig,Front1,5m,Shallow,Plot2,2022,Front,,Hap14,SH3
RRAP-ECO03-2022-Shys-TSMA-921_L1,,batch1,L1,RRAP-ECO03-2022-Shys-TSMA-921,TSMA-921,921,TSMA,TSMA_FR1S_P3,TSMA_FR1S,-9.76224,143.421395,original coordinates,3.7,NA,3.7,NA,Masig,Front1,5m,Shallow,Plot3,2022,Front,,Hap14,SH3